-- phpMyAdmin SQL Dump
-- version 5.2.0
-- https://www.phpmyadmin.net/
--
-- Host: localhost
-- Generation Time: Nov 11, 2022 at 08:08 PM
-- Server version: 10.4.25-MariaDB
-- PHP Version: 7.4.30

SET SQL_MODE = "NO_AUTO_VALUE_ON_ZERO";
START TRANSACTION;
SET time_zone = "+00:00";


/*!40101 SET @OLD_CHARACTER_SET_CLIENT=@@CHARACTER_SET_CLIENT */;
/*!40101 SET @OLD_CHARACTER_SET_RESULTS=@@CHARACTER_SET_RESULTS */;
/*!40101 SET @OLD_COLLATION_CONNECTION=@@COLLATION_CONNECTION */;
/*!40101 SET NAMES utf8mb4 */;

--
-- Database: `callcenter`
--

-- --------------------------------------------------------

--
-- Table structure for table `azienda`
--

CREATE TABLE `azienda` (
  `corporate_id` int(11) NOT NULL,
  `name` varchar(50) NOT NULL
) ENGINE=InnoDB DEFAULT CHARSET=utf8mb4;

--
-- Dumping data for table `azienda`
--

INSERT INTO `azienda` (`corporate_id`, `name`) VALUES
(1, 'Linktype'),
(2, 'Ailane'),
(3, 'Skipstorm'),
(4, 'Zoomzone'),
(5, 'Zava'),
(6, 'Mynte'),
(7, 'Browsebug'),
(8, 'Linkbridge'),
(9, 'Forint'),
(10, 'Vimbo');

-- --------------------------------------------------------

--
-- Table structure for table `cliente`
--

CREATE TABLE `cliente` (
  `id` int(11) NOT NULL,
  `phone_number` varchar(20) NOT NULL,
  `name` varchar(50) NOT NULL,
  `surname` varchar(50) NOT NULL,
  `date_of_birth` date NOT NULL
) ENGINE=InnoDB DEFAULT CHARSET=utf8mb4;

--
-- Dumping data for table `cliente`
--

INSERT INTO `cliente` (`id`, `phone_number`, `name`, `surname`, `date_of_birth`) VALUES
(1, '+7 510 189 8957', 'Consolata', 'Hardie', '1994-05-09'),
(2, '+358 912 369 3105', 'Angelique', 'McNirlan', '1977-05-28'),
(3, '+86 454 216 8697', 'Georgina', 'Mochar', '1970-06-27'),
(4, '+221 464 524 3176', 'Gabi', 'Illingworth', '1979-04-13'),
(5, '+506 642 195 3133', 'Stevy', 'Baudins', '1983-07-21'),
(6, '+52 374 299 0739', 'Orel', 'Lovart', '1993-06-24'),
(8, '+86 440 610 6445', 'Abramo', 'Klageman', '1978-07-11'),
(9, '+46 611 598 5276', 'Kennett', 'Crawford', '1999-11-07'),
(10, '+977 453 681 1834', 'Emylee', 'Dyet', '1994-08-06'),
(11, '+420 604 806 7984', 'Wren', 'Densham', '1980-11-02'),
(12, '+389 321 815 6348', 'Dasi', 'Bridywater', '1973-07-01'),
(13, '+380 957 204 8240', 'Dion', 'Thurling', '1973-12-06'),
(14, '+86 299 499 4039', 'Rutger', 'Rodwell', '1977-01-26'),
(15, '+86 596 467 9350', 'Orelle', 'Shewery', '1989-01-06'),
(16, '+66 411 697 1932', 'Puff', 'Eynald', '1976-10-06'),
(17, '+33 383 541 9105', 'Amy', 'Scapelhorn', '1983-05-02'),
(18, '+86 199 135 6308', 'Zebulen', 'Toderini', '1981-10-11'),
(19, '+351 885 212 4992', 'Red', 'Conford', '1975-07-18'),
(20, '+62 709 161 8891', 'Yasmin', 'Dando', '1996-05-20'),
(21, '+48 738 359 2788', 'Adan', 'Goade', '1998-12-15'),
(22, '+63 600 498 5393', 'Bambie', 'Laraway', '1998-09-06'),
(23, '+66 972 359 9259', 'Roi', 'Judd', '1971-04-02'),
(24, '+92 549 987 8902', 'Hyacinthe', 'Foucar', '1980-03-10'),
(25, '+86 301 586 2666', 'Korella', 'Varns', '2002-09-23'),
(26, '+98 591 317 0903', 'Emily', 'Bowie', '1974-11-29'),
(27, '+255 851 114 9692', 'Garret', 'Eveque', '1999-07-16'),
(28, '+81 966 573 2391', 'Nelly', 'Pletts', '1989-11-26'),
(29, '+86 999 598 1047', 'Henrieta', 'Hanning', '1979-07-31'),
(30, '+81 734 781 6484', 'Dorisa', 'Walwood', '1990-09-13'),
(31, '+220 519 173 9350', 'Arluene', 'Cheavin', '1994-12-30'),
(32, '+86 571 488 6186', 'Elane', 'Cudd', '1997-09-14'),
(33, '+63 210 359 0391', 'Dennie', 'Avramow', '1988-05-04'),
(34, '+357 456 437 5651', 'Angeli', 'Challace', '2001-01-11'),
(35, '+55 329 758 9653', 'Billy', 'Martinec', '1979-03-31'),
(36, '+994 206 417 0874', 'Wallie', 'Marner', '1974-10-03'),
(37, '+976 292 748 5772', 'Irene', 'Bellord', '1983-03-07'),
(38, '+359 863 351 1018', 'Alic', 'Bloodworthe', '1986-12-31'),
(39, '+86 225 864 7793', 'Dimitry', 'Bygott', '1974-07-24'),
(40, '+62 302 822 6122', 'Lacey', 'Blewis', '1993-12-31'),
(41, '+1 253 564 2656', 'Rowan', 'Christian', '1974-05-09'),
(42, '+86 635 554 0965', 'Genia', 'Spieght', '1990-09-15'),
(43, '+351 158 907 6449', 'Bernetta', 'Reavell', '1982-01-19'),
(44, '+86 294 319 5169', 'Nani', 'Enoch', '1973-03-17'),
(45, '+227 268 764 4732', 'Tina', 'Evesque', '1996-03-03'),
(46, '+385 447 776 3372', 'Othella', 'MacAskill', '1972-09-20'),
(47, '+55 209 928 4445', 'Ellene', 'Camacho', '2002-05-13'),
(48, '+7 716 514 3433', 'Gabby', 'Dearing', '1982-07-04'),
(49, '+86 269 633 9003', 'Debi', 'Kybbye', '1993-10-28'),
(50, '+351 790 892 6618', 'Shelba', 'McLeoid', '1994-08-07'),
(51, '+880 522 504 5440', 'Fonsie', 'Oger', '1970-08-22'),
(52, '+62 831 266 2590', 'Neal', 'Meneux', '1974-02-04'),
(53, '+86 459 440 9040', 'Milly', 'Malimoe', '1978-09-11'),
(54, '+62 593 238 0406', 'Sherm', 'Ricardot', '2000-07-27'),
(55, '+62 640 553 5328', 'Nathanial', 'Lehenmann', '1986-01-19'),
(56, '+86 815 758 1686', 'Zared', 'Donisi', '2001-09-02'),
(57, '+375 467 567 6036', 'Allister', 'Peeke', '1994-03-29'),
(58, '+52 652 106 5773', 'Guinna', 'Lissemore', '1974-10-26'),
(59, '+242 665 631 9866', 'Clayson', 'Gravells', '1988-03-01'),
(60, '+7 892 196 6735', 'Madella', 'Beininck', '2001-02-08'),
(61, '+57 116 627 1339', 'Helaina', 'Pheasey', '1971-10-21'),
(62, '+81 235 121 0274', 'Johnette', 'Laity', '1979-05-09'),
(63, '+963 139 263 8676', 'Tedd', 'Maffin', '1988-08-22'),
(64, '+86 220 328 7929', 'Marylee', 'Stanyland', '1980-06-11'),
(65, '+55 833 248 3743', 'Marylin', 'Nolte', '1987-07-16'),
(66, '+84 882 677 4614', 'Jarred', 'Upsale', '1995-04-02'),
(67, '+86 863 385 9210', 'Cathie', 'Getch', '1991-11-04'),
(68, '+33 514 464 4597', 'Pepito', 'Arnley', '1992-10-31'),
(69, '+55 272 489 1660', 'Smith', 'Gristhwaite', '2002-05-21'),
(70, '+967 756 689 0724', 'Sky', 'Butterley', '1988-05-25'),
(71, '+381 649 500 9695', 'Walliw', 'Fairs', '1974-10-12'),
(72, '+381 191 147 0183', 'Bevan', 'Rookes', '1988-09-21'),
(73, '+86 756 907 5086', 'Ree', 'Boncore', '1980-08-16'),
(74, '+86 549 960 6953', 'Barnett', 'Chad', '1984-05-19'),
(75, '+55 158 129 2964', 'Hercules', 'Dollard', '1993-11-11'),
(76, '+380 344 573 7049', 'Eadmund', 'Gusticke', '1976-07-16'),
(77, '+420 365 405 3356', 'Suki', 'Garrood', '1975-04-22'),
(78, '+381 274 192 7035', 'Codie', 'Radbourn', '1985-07-06'),
(79, '+62 995 522 1125', 'Onfre', 'Rubinchik', '1973-06-01'),
(80, '+63 441 138 5446', 'Cassondra', 'Shelsher', '1976-07-13'),
(81, '+380 163 923 7005', 'Kristi', 'Pabel', '2001-01-10'),
(82, '+212 997 426 2724', 'Midge', 'Le Blond', '1999-08-04'),
(83, '+98 881 486 1561', 'Meredithe', 'Tremblay', '1997-02-01'),
(84, '+63 540 299 2586', 'Saunderson', 'Willmott', '1988-10-10'),
(85, '+7 906 594 8143', 'Elisha', 'Hunte', '1993-02-23'),
(86, '+7 750 557 5678', 'Darla', 'Minnock', '1974-04-25'),
(87, '+353 872 724 7272', 'Bartholomew', 'Adenot', '1982-07-14'),
(88, '+33 572 360 2559', 'Xavier', 'Bosche', '1980-09-28'),
(89, '+55 401 623 8076', 'Wileen', 'Cyson', '1970-02-16'),
(90, '+30 287 690 6442', 'Galven', 'Aupol', '1974-08-28'),
(91, '+1 794 752 1787', 'Corine', 'Klulik', '1994-02-13'),
(92, '+33 974 738 7909', 'Rudyard', 'Keilty', '1978-08-13'),
(93, '+420 434 315 4958', 'Nial', 'Hurch', '1997-02-16'),
(94, '+86 250 156 9926', 'Jennee', 'Sustins', '2001-09-04'),
(95, '+63 366 463 3080', 'Matti', 'Burde', '2002-05-09'),
(96, '+86 980 908 9790', 'Hewet', 'Lamartine', '1982-11-21'),
(98, '+33 472 627 1881', 'Karie', 'Catley', '1999-04-13'),
(99, '+240 548 324 6041', 'Josephine', 'Di Giacomettino', '1989-09-21'),
(100, '+33 254 568 1515', 'Nickey', 'Fulcher', '1998-10-15'),
(101, '+258 188 285 2472', 'Gar', 'Starsmeare', '1992-07-28'),
(102, '+62 904 596 7928', 'Gianna', 'Hamstead', '1971-12-26'),
(103, '+1 916 589 5117', 'Brook', 'Marquet', '1997-10-07'),
(104, '+86 992 164 5059', 'Ilyse', 'Demeza', '1982-02-22'),
(105, '+55 994 969 3083', 'Aloysia', 'Millington', '1977-04-14'),
(106, '+55 932 599 1466', 'Morten', 'Hagwood', '2000-01-06'),
(107, '+380 994 798 7576', 'Donaugh', 'Lewtey', '1997-08-30'),
(108, '+52 671 414 5825', 'Nickey', 'Grenter', '1986-10-18'),
(109, '+55 638 859 6070', 'George', 'Gollard', '1975-08-28'),
(110, '+48 595 870 4236', 'Joanie', 'Sterte', '1974-01-28'),
(111, '+1 784 611 4487', 'Alison', 'Doddemeade', '1996-08-17'),
(112, '+66 201 494 3035', 'Maribeth', 'Dmitrienko', '1984-11-30'),
(113, '+7 440 803 4866', 'Rosemonde', 'Mitchall', '1996-06-07'),
(114, '+7 378 837 0848', 'Kellen', 'Goldhill', '1987-09-17'),
(115, '+850 173 623 0739', 'Jandy', 'Thebeaud', '1996-05-23'),
(116, '+963 270 786 8222', 'Gaven', 'Basten', '1998-12-17'),
(117, '+86 481 890 8802', 'Tish', 'Lismer', '1991-09-06'),
(118, '+387 415 380 2379', 'Boonie', 'Rigmand', '1981-04-11'),
(119, '+7 604 363 7828', 'Jonie', 'Carbert', '1994-10-25'),
(120, '+86 640 105 2927', 'Hinze', 'Durdle', '1982-05-19'),
(121, '+81 205 925 7620', 'Elga', 'Lafrentz', '1986-05-19'),
(122, '+47 474 811 6921', 'Timofei', 'Kastel', '1971-02-21'),
(123, '+977 875 978 1692', 'Tremayne', 'Godden', '1990-08-10'),
(124, '+359 106 283 6580', 'Omero', 'Fryett', '1971-04-10'),
(125, '+34 855 572 9982', 'Worthington', 'Rackham', '1971-05-29'),
(126, '+385 777 986 6033', 'Karylin', 'Champagne', '1976-11-26'),
(127, '+63 352 607 3030', 'Isidro', 'Johnsey', '1973-03-23'),
(128, '+60 209 762 1234', 'Siusan', 'Flipek', '1978-06-12'),
(129, '+7 716 272 4537', 'Orel', 'Seaward', '1989-11-25'),
(130, '+81 887 876 7229', 'Vincent', 'Gordge', '1972-08-24'),
(131, '+86 812 500 6993', 'Meriel', 'Wiggin', '1988-12-28'),
(132, '+244 148 710 9016', 'Norbie', 'Ramalhete', '1988-05-17'),
(133, '+1 279 648 6571', 'Paolina', 'Meechan', '1984-04-11'),
(134, '+66 555 722 2429', 'Marcie', 'Wilacot', '1972-02-27'),
(135, '+86 543 255 0714', 'Leo', 'Swayton', '1987-06-12'),
(136, '+63 239 875 7435', 'Nonnah', 'de Quesne', '2000-12-16'),
(137, '+504 464 744 3015', 'Gardner', 'Dreng', '1982-06-30'),
(138, '+1 331 535 9683', 'Gamaliel', 'Cobbledick', '1998-05-16'),
(139, '+7 442 513 9387', 'Myrilla', 'Marnes', '1978-05-28'),
(140, '+33 558 248 1752', 'Idette', 'Leggan', '1975-03-05'),
(141, '+86 974 160 2073', 'Lila', 'Narramor', '1990-01-22'),
(142, '+62 807 996 2212', 'Even', 'Brassington', '1999-12-08'),
(143, '+63 537 729 6479', 'Nicolis', 'Pollak', '1981-11-16'),
(144, '+351 418 849 9841', 'Garvy', 'Fosten', '1984-10-20'),
(145, '+685 153 143 2304', 'Emma', 'Marner', '1976-08-31'),
(146, '+261 171 221 7717', 'Emory', 'Skyrm', '1997-12-27'),
(147, '+7 185 401 0828', 'Stephana', 'Mochar', '1993-09-12'),
(148, '+55 521 914 6757', 'Everett', 'Eadie', '1982-07-17'),
(149, '+48 587 861 1110', 'Lyndsey', 'Jefferies', '1993-04-29'),
(150, '+359 405 405 7539', 'Tammi', 'Chasemoore', '1994-09-05'),
(151, '+62 791 883 2244', 'Sherri', 'Ludgrove', '2002-05-05'),
(152, '+1 408 340 0779', 'Curran', 'Sterrick', '1995-12-19'),
(153, '+46 113 675 4554', 'Noelle', 'Colomb', '1989-08-22'),
(154, '+62 327 671 3125', 'Xever', 'Arrighini', '1979-04-11'),
(155, '+1 304 347 4435', 'Pamela', 'Artis', '1991-09-13'),
(156, '+53 956 147 4701', 'Dotti', 'Drysdall', '1983-01-21'),
(157, '+1 647 425 2786', 'Etheline', 'Alders', '1972-05-07'),
(158, '+1 203 438 3083', 'Osmund', 'Cheevers', '1992-12-08'),
(159, '+964 884 547 4416', 'Joella', 'Jauncey', '1977-10-10'),
(160, '+380 135 804 0793', 'Jerrilyn', 'Eatttok', '2001-06-03'),
(161, '+51 634 704 2470', 'Lory', 'Delos', '1996-01-14'),
(162, '+48 491 282 4948', 'Jerrie', 'De Avenell', '1995-06-20'),
(163, '+7 493 646 5766', 'Vivien', 'Titcombe', '1971-01-18'),
(164, '+7 807 709 7197', 'Sloane', 'Golton', '1979-05-21'),
(165, '+86 152 654 3631', 'Thornton', 'Dubock', '1995-07-09'),
(166, '+7 611 390 0843', 'Hubey', 'O\'Shields', '1989-05-16'),
(167, '+86 444 964 4223', 'Rozalin', 'Lansly', '1985-02-26'),
(168, '+86 926 176 5507', 'Conan', 'Studeart', '1989-04-09'),
(169, '+48 605 240 7944', 'Katti', 'Pedycan', '1985-06-03'),
(170, '+55 321 470 3094', 'Laurice', 'Ffrench', '1976-10-14'),
(171, '+48 348 339 2939', 'Nannie', 'Acton', '1988-08-19'),
(172, '+30 948 801 8860', 'Shannan', 'Wintour', '1978-09-28'),
(173, '+94 909 360 1300', 'Ailee', 'Luis', '1986-06-22'),
(174, '+595 986 267 1088', 'Alwyn', 'Bakhrushin', '1982-04-02'),
(175, '+880 601 831 8827', 'Nata', 'McRuvie', '1994-11-09'),
(176, '+57 936 358 2927', 'Dukey', 'Anglish', '1987-09-08'),
(177, '+86 836 829 1177', 'Leonhard', 'Frapwell', '1988-04-25'),
(178, '+380 530 487 6067', 'Kiri', 'Itzhak', '1999-04-13'),
(179, '+689 169 247 5690', 'Augustine', 'Grayshan', '1989-07-04'),
(180, '+1 559 363 4726', 'Candy', 'MacShane', '1972-12-17'),
(181, '+62 788 464 0520', 'Collete', 'Banbrook', '2002-09-27'),
(182, '+351 560 256 6754', 'Kandy', 'Tett', '1981-01-19'),
(183, '+48 110 525 6920', 'Ron', 'Bartolomeazzi', '1998-01-06'),
(184, '+92 368 659 0807', 'Jill', 'Goldingay', '1972-03-07'),
(185, '+86 153 241 4473', 'Karee', 'Wyant', '1989-10-17'),
(186, '+62 997 310 2468', 'Chuck', 'Patinkin', '1997-09-06'),
(187, '+62 900 388 9292', 'Corliss', 'Chesswas', '1970-11-17'),
(188, '+52 130 472 5663', 'Karna', 'Velasquez', '1981-11-03'),
(189, '+7 506 638 6703', 'Wake', 'Seyers', '1975-10-15'),
(190, '+33 813 742 8405', 'Cyndi', 'Endrici', '1981-02-06'),
(191, '+36 795 984 2136', 'Westleigh', 'Reiners', '1981-11-13'),
(192, '+420 469 179 7979', 'Marcella', 'Hatley', '1986-07-25'),
(193, '+27 359 724 6936', 'Buddy', 'Bradden', '1972-12-02'),
(194, '+7 649 846 5606', 'Rhianna', 'Theseira', '1986-12-13'),
(195, '+976 455 524 9308', 'Berny', 'Pedroni', '1987-05-12'),
(196, '+351 594 833 9387', 'Letizia', 'Phinnis', '1973-04-24'),
(197, '+62 700 556 3272', 'Nelli', 'Titchener', '1993-01-05'),
(198, '+86 954 501 9776', 'Shea', 'Garthland', '1977-08-27'),
(199, '+62 972 541 9852', 'Eleen', 'Thieme', '1991-03-03'),
(200, '+64 964 375 6765', 'Morgun', 'Deguara', '1976-08-21'),
(201, '+48 241 754 7354', 'Cecil', 'MacSween', '1970-02-21'),
(202, '+7 609 432 0986', 'Lorelei', 'Tutchener', '1988-01-14'),
(203, '+86 124 812 9276', 'Dougy', 'Clutterbuck', '1981-05-27'),
(204, '+62 168 512 1567', 'Devina', 'Gravet', '1971-10-31'),
(205, '+63 862 222 6629', 'Blinni', 'Lawrence', '2001-04-09'),
(206, '+62 543 729 7405', 'Jaquelyn', 'Matuska', '1996-10-25'),
(207, '+370 989 897 0233', 'Lula', 'Abrahmovici', '1993-07-19'),
(208, '+358 135 678 4344', 'Fair', 'Zamora', '1991-08-11'),
(209, '+86 581 545 1010', 'De witt', 'Clemencon', '1970-05-21'),
(210, '+212 624 675 6090', 'Ame', 'Killeen', '2001-06-26'),
(211, '+880 722 249 5207', 'Lamont', 'Barts', '1994-11-29'),
(212, '+86 262 684 3877', 'Tiler', 'Trumper', '1984-10-12'),
(213, '+231 442 575 9336', 'Garik', 'Lergan', '1978-04-14'),
(214, '+506 406 692 6678', 'Dulciana', 'Islep', '1997-10-07'),
(215, '+62 774 790 6236', 'Stanton', 'Padwick', '1976-02-09'),
(216, '+86 690 804 5171', 'Kerri', 'Perfili', '1972-05-29'),
(217, '+66 591 425 7398', 'Scot', 'Roke', '1973-08-21'),
(218, '+62 937 986 9485', 'Saree', 'Halifax', '1994-01-28'),
(219, '+86 303 609 4798', 'Hobart', 'Clevely', '1987-03-13'),
(220, '+86 274 880 7559', 'Daisey', 'Farryann', '1970-09-14'),
(221, '+55 389 356 4972', 'Miner', 'Du Fray', '1980-10-18'),
(222, '+33 767 204 5395', 'Fran', 'Burgin', '1983-01-19'),
(223, '+86 637 327 6994', 'Arny', 'Gelderd', '1991-06-16'),
(224, '+31 684 745 2637', 'Nollie', 'Hanscome', '1992-01-19'),
(225, '+48 590 812 8455', 'Moritz', 'Brittoner', '1970-02-20'),
(226, '+86 862 162 4465', 'Maggee', 'Shotboult', '1972-01-04'),
(227, '+48 618 943 0591', 'Florry', 'Sollime', '1980-09-28'),
(228, '+63 160 993 5250', 'Laraine', 'Everex', '1986-07-21'),
(229, '+687 906 496 1355', 'Xenos', 'Cresswell', '1971-12-16'),
(230, '+1 916 430 8007', 'Trent', 'Wilkes', '2001-05-28'),
(231, '+967 830 606 9404', 'Ignazio', 'Lean', '1993-02-19'),
(232, '+55 657 715 8903', 'Berkie', 'Raithbie', '1983-07-01'),
(233, '+62 217 930 4228', 'Hermine', 'Cramphorn', '1989-03-06'),
(234, '+994 763 481 3140', 'Regine', 'Pendlebery', '1974-08-22'),
(235, '+52 516 814 7583', 'Hadlee', 'Gellett', '1992-04-10'),
(236, '+212 916 908 5359', 'Fields', 'Lassey', '1976-12-16'),
(237, '+51 199 779 8377', 'Adelbert', 'Behne', '1991-10-28'),
(238, '+86 703 927 3199', 'Gal', 'Lippatt', '1989-11-22'),
(239, '+86 835 106 2553', 'Alleyn', 'Bittleson', '1977-02-27'),
(240, '+33 813 535 9677', 'Nikos', 'Furmage', '1984-01-25'),
(241, '+504 616 741 8233', 'Maryellen', 'Agney', '1999-11-04'),
(242, '+48 688 610 5694', 'Dari', 'Floyd', '1980-09-23'),
(243, '+63 580 511 8375', 'Penelope', 'Mannering', '1992-07-24'),
(244, '+86 671 415 3989', 'Amargo', 'Iannetti', '1996-10-24'),
(245, '+505 995 371 6206', 'Janifer', 'Petrelli', '1990-01-25'),
(246, '+353 685 897 2504', 'Christi', 'Bouch', '1971-02-08'),
(247, '+66 558 333 8538', 'Carlye', 'Klimko', '1995-09-25'),
(248, '+86 142 615 8057', 'Tarrance', 'Hembrow', '1992-09-09'),
(249, '+86 502 449 0051', 'Hillie', 'Jankovsky', '1990-08-25'),
(250, '+86 976 995 2921', 'Edwina', 'O\'Roan', '1981-05-19'),
(251, '+57 100 491 9683', 'Adiana', 'Yakovitch', '1979-07-31'),
(252, '+591 921 978 1637', 'Tiebout', 'Crossland', '1972-05-12'),
(253, '+1 731 694 8131', 'Billi', 'Abry', '1987-08-29'),
(254, '+358 181 292 4760', 'Larissa', 'Basson', '1980-05-22'),
(255, '+46 514 779 4970', 'Danny', 'Caban', '1998-07-13'),
(256, '+263 653 789 2616', 'Adella', 'Consadine', '1985-12-17'),
(257, '+62 916 631 9492', 'Blanch', 'Cobbled', '1996-11-12'),
(258, '+55 722 464 3593', 'Barry', 'Davidowich', '1973-03-18'),
(259, '+86 901 586 4496', 'Pier', 'Usher', '1990-07-21'),
(260, '+57 955 719 0696', 'Brett', 'Tschersich', '1975-11-24'),
(261, '+63 906 194 7009', 'Padget', 'Layman', '1999-06-08'),
(262, '+261 925 679 8477', 'Vitia', 'Gonzales', '1971-11-08'),
(263, '+48 519 353 9172', 'Sibelle', 'Gumly', '1975-11-23'),
(264, '+1 810 539 7187', 'Elna', 'Eames', '1982-03-12'),
(265, '+7 312 216 2269', 'Raymund', 'MacAnespie', '1971-12-04'),
(266, '+62 732 429 3136', 'Leilah', 'Deporte', '1995-11-05'),
(267, '+62 570 389 7495', 'Abigail', 'Lourens', '1995-05-25'),
(268, '+86 989 271 3645', 'Marco', 'Caldero', '1984-02-25'),
(269, '+86 931 931 1695', 'Izak', 'Noyce', '1985-05-05'),
(270, '+7 247 646 7241', 'Tyler', 'Screach', '1973-04-28'),
(271, '+86 601 439 8412', 'Torrie', 'Kynett', '1992-08-05'),
(272, '+66 212 322 5754', 'Donaugh', 'MacPhee', '1976-09-20'),
(273, '+86 372 502 2547', 'Helenelizabeth', 'Plester', '1994-05-04'),
(274, '+62 896 385 3107', 'Cloris', 'Dalmon', '1983-04-06'),
(275, '+63 658 778 0167', 'Whit', 'Sollars', '2001-05-30'),
(276, '+351 306 403 8419', 'Carlene', 'Cowans', '1988-02-09'),
(277, '+33 280 466 8104', 'Aksel', 'Rosenvasser', '1993-03-07'),
(278, '+62 669 855 7305', 'Red', 'Firk', '1984-11-14'),
(279, '+81 861 180 2118', 'Cornela', 'Dumberrill', '1994-01-23'),
(280, '+381 593 779 1599', 'Peggy', 'Boulding', '1979-10-02'),
(281, '+7 460 656 9515', 'Malachi', 'Tuckerman', '1982-10-02'),
(282, '+86 269 239 1282', 'Natalya', 'Lugsdin', '2000-07-09'),
(283, '+7 663 132 1864', 'Bess', 'Fleischer', '1975-11-21'),
(284, '+242 940 504 5107', 'Grannie', 'Lilywhite', '2001-11-26'),
(285, '+212 926 661 7990', 'Ferdinand', 'Dullingham', '1992-04-11'),
(286, '+62 761 534 6144', 'Meyer', 'Flucks', '1983-04-19'),
(287, '+58 367 598 2981', 'Harrie', 'Patullo', '1976-04-29'),
(288, '+86 355 300 4179', 'Cordelie', 'Scandrick', '1988-06-27'),
(289, '+86 285 217 2658', 'Priscella', 'Hoofe', '1981-08-22'),
(290, '+62 186 962 8209', 'Fredric', 'Antrobus', '1999-04-20'),
(291, '+234 661 181 6219', 'Angeline', 'Extil', '1983-05-27'),
(292, '+66 921 660 5824', 'Graeme', 'Faughny', '1984-08-19'),
(293, '+7 149 721 9707', 'Lucas', 'Bottomer', '1995-11-07'),
(294, '+504 656 238 0076', 'Marcille', 'Frapwell', '1985-04-26'),
(295, '+86 611 885 7766', 'Tarrah', 'Woolfall', '2001-06-28'),
(296, '+62 975 306 5398', 'Kalle', 'Oury', '1976-01-07'),
(297, '+86 415 578 5169', 'Berkley', 'Ceney', '1972-05-31'),
(298, '+234 835 995 3481', 'Florella', 'Frere', '1986-10-05'),
(299, '+62 609 431 2180', 'Hilda', 'Pink', '1975-05-26'),
(300, '+62 768 157 5368', 'Trixy', 'Pree', '1979-04-27'),
(301, '+48 388 584 0920', 'Nani', 'Eronie', '1970-04-24'),
(302, '+62 585 936 4453', 'Esme', 'Greenard', '1991-07-31'),
(303, '+86 960 704 4014', 'Georgiana', 'Lusgdin', '1982-07-12'),
(304, '+7 657 163 1423', 'Teodora', 'Bryers', '1972-12-25'),
(305, '+53 800 994 0653', 'Archambault', 'Stoney', '1972-01-10'),
(306, '+7 465 744 2301', 'Ruby', 'Filipson', '1977-01-19'),
(307, '+33 871 449 0191', 'Angy', 'Stopps', '1985-01-14'),
(308, '+351 142 791 6175', 'Frans', 'Barizeret', '2000-09-19'),
(309, '+62 517 688 0417', 'Rickie', 'Livock', '1978-07-10'),
(310, '+62 615 447 2275', 'Ambros', 'Timpany', '1999-12-21'),
(311, '+86 482 347 7922', 'Olwen', 'Wolfit', '2000-07-14'),
(312, '+63 952 805 5598', 'Bianca', 'Nowell', '1973-05-20'),
(313, '+86 299 588 2776', 'Alejoa', 'Lucas', '1998-07-01'),
(314, '+255 178 815 1976', 'Shadow', 'Rossbrook', '1990-05-28'),
(315, '+48 873 961 5590', 'Jerome', 'Paulisch', '1980-04-11'),
(316, '+1 520 676 6224', 'Theadora', 'Keaveney', '1989-10-31'),
(317, '+20 788 946 0043', 'Amalle', 'Dunrige', '1993-04-19'),
(318, '+86 453 979 2671', 'Jarrad', 'Ganiford', '1996-06-11'),
(319, '+86 772 230 0362', 'Levi', 'Piddletown', '1975-11-24'),
(320, '+970 825 185 9372', 'Lyn', 'Ianitti', '1992-08-07'),
(321, '+86 707 208 8580', 'Marabel', 'Seymark', '1985-12-12'),
(322, '+86 648 336 4254', 'Curtis', 'Crasford', '1978-06-03'),
(323, '+62 779 505 2219', 'Mose', 'Denson', '1986-06-05'),
(324, '+62 343 569 9344', 'Cecilia', 'Fairhead', '1989-04-29'),
(325, '+420 498 644 9263', 'Lori', 'Lorens', '1988-06-18'),
(326, '+58 769 102 6931', 'Lazare', 'Nyssens', '1970-07-25'),
(327, '+351 747 752 3210', 'Amory', 'Newey', '1993-07-24'),
(328, '+62 803 735 3200', 'Roshelle', 'D\'eathe', '1970-10-28'),
(329, '+62 270 545 7153', 'Gus', 'Gaitung', '1999-04-24'),
(330, '+55 692 868 0996', 'Angel', 'MacCheyne', '1980-03-24'),
(331, '+970 140 204 4904', 'Arman', 'Parkyns', '1981-04-19'),
(332, '+92 848 393 7686', 'Consolata', 'Grattan', '1978-04-16'),
(333, '+48 348 807 2011', 'Xymenes', 'Hasnney', '1999-09-14'),
(334, '+374 774 118 2680', 'Truda', 'Orrell', '1975-12-18'),
(335, '+86 610 109 2839', 'Lanie', 'Southers', '2000-12-16'),
(336, '+227 422 560 5655', 'Leonore', 'Robinette', '2002-09-10'),
(337, '+380 410 863 3158', 'Carroll', 'Tollemache', '2001-05-04'),
(338, '+62 579 319 3170', 'Shae', 'Betser', '1990-09-07'),
(339, '+1 859 437 1396', 'Jillana', 'Liven', '1984-07-14'),
(340, '+55 171 573 2768', 'Allianora', 'Horrigan', '1983-09-06'),
(341, '+86 738 551 6361', 'Bari', 'Trengove', '2002-02-28'),
(342, '+994 723 354 2115', 'Gwendolyn', 'Furzey', '1971-10-05'),
(343, '+86 456 998 9288', 'Raffaello', 'Eldridge', '1996-07-04'),
(344, '+503 159 648 0335', 'Sibel', 'Konerding', '1977-09-12'),
(345, '+36 719 268 2057', 'Penni', 'Scruton', '1999-07-15'),
(346, '+63 209 948 1224', 'Celene', 'Deane', '1976-02-03'),
(347, '+51 134 373 0656', 'Gerek', 'Gozard', '1981-11-04'),
(348, '+372 698 323 1427', 'Milissent', 'Petersen', '1991-09-26'),
(349, '+420 634 312 5826', 'Mavra', 'Shaw', '1978-12-30'),
(350, '+359 168 396 5140', 'Si', 'Merrywether', '1985-05-21'),
(351, '+62 406 239 5271', 'Hamlin', 'Blount', '2001-08-12'),
(352, '+81 116 995 2797', 'Tiphanie', 'Pearce', '1996-09-05'),
(353, '+62 331 621 6995', 'Puff', 'Wall', '1974-08-05'),
(354, '+55 116 696 8880', 'Josselyn', 'Cathesyed', '1975-01-26'),
(355, '+27 883 977 8986', 'Abraham', 'Salvati', '1974-12-18'),
(356, '+64 105 133 2967', 'Juliann', 'O\'Flaherty', '1997-11-18'),
(357, '+86 780 343 0160', 'Barb', 'Guile', '1991-01-15'),
(358, '+51 564 668 3435', 'Olwen', 'Costley', '1972-11-22'),
(359, '+420 244 574 1634', 'Danella', 'Bartocci', '1999-02-15'),
(360, '+98 449 328 5070', 'Marcos', 'Airs', '1981-02-20'),
(361, '+33 935 587 5701', 'Corena', 'McGovern', '1987-09-15'),
(362, '+62 110 867 4764', 'Norbert', 'Goulborn', '1993-01-01'),
(363, '+254 142 749 7265', 'Chic', 'Bleackly', '1977-07-08'),
(364, '+81 585 636 1483', 'Kirsteni', 'Fawloe', '1983-06-30'),
(365, '+7 224 102 6703', 'Peadar', 'Eisold', '1996-03-02'),
(366, '+385 861 148 2659', 'Eric', 'Drewitt', '1985-03-05'),
(367, '+86 967 782 7982', 'Christopher', 'Chimienti', '1971-09-03'),
(368, '+84 987 930 5877', 'Arvy', 'Petow', '1994-09-08'),
(369, '+45 723 344 3934', 'Michell', 'Hauck', '1993-02-26'),
(370, '+7 234 353 3987', 'Eba', 'Le Page', '2000-07-20'),
(371, '+51 155 730 8256', 'Del', 'Lere', '1991-04-15'),
(372, '+30 627 345 3226', 'Shanda', 'Brickdale', '1999-04-08'),
(373, '+420 311 669 1633', 'Richmond', 'Galliard', '1996-08-28'),
(374, '+1 935 816 1388', 'Darbie', 'McCanny', '1985-12-22'),
(375, '+86 610 586 8467', 'Dulcy', 'Dowdeswell', '1970-06-06'),
(376, '+56 234 471 4456', 'Dottie', 'Poacher', '1995-02-13'),
(377, '+256 547 352 3886', 'Harry', 'Downey', '1988-04-07'),
(378, '+63 867 485 9439', 'Valery', 'Coulton', '1980-12-22'),
(379, '+30 480 599 6911', 'Georgeanna', 'Kersting', '2001-11-16'),
(380, '+55 720 187 4396', 'Myles', 'Breheny', '1973-12-14'),
(381, '+44 808 552 1491', 'Evyn', 'Curmi', '1985-08-07'),
(382, '+1 194 830 0682', 'Barbara-anne', 'Martine', '1975-01-01'),
(383, '+86 939 607 8606', 'Laverne', 'Yankov', '1983-09-23'),
(384, '+30 724 486 3609', 'Gaelan', 'Colafate', '1982-05-05'),
(385, '+48 495 530 4689', 'Alain', 'Willsmore', '2000-07-18'),
(386, '+86 878 580 2495', 'Eberto', 'Glasser', '1977-06-15'),
(387, '+86 732 804 3440', 'Huntlee', 'Chudleigh', '1975-12-20'),
(388, '+86 653 262 9362', 'Helaine', 'Nuton', '1985-11-18'),
(389, '+86 132 849 9386', 'Chrotoem', 'Westnedge', '1992-07-30'),
(390, '+63 647 519 9225', 'Tally', 'Sliney', '1990-03-31'),
(391, '+55 881 512 9651', 'Dewain', 'Files', '1976-03-10'),
(392, '+55 293 126 3100', 'Odelia', 'Crown', '1973-10-10'),
(393, '+1 162 907 4037', 'Winslow', 'Driffield', '1994-03-10'),
(394, '+48 122 346 3270', 'Jo-anne', 'Gooderham', '1975-05-21'),
(395, '+48 334 525 7436', 'Laurent', 'Stanlake', '1970-01-28'),
(396, '+62 589 489 8609', 'Tris', 'Bartelot', '1978-10-09'),
(397, '+86 276 876 1471', 'Emera', 'Yegorkov', '1992-08-27'),
(398, '+55 110 903 7800', 'Kathe', 'Etteridge', '1973-10-17'),
(399, '+51 371 423 2914', 'Raphaela', 'Egle of Germany', '1971-04-01'),
(400, '+66 972 309 4163', 'Archer', 'Caltun', '1979-05-17'),
(401, '+7 838 922 7465', 'Tomas', 'Monnoyer', '1977-01-30'),
(402, '+351 729 596 6308', 'Nigel', 'Mallya', '1992-12-24'),
(403, '+48 927 936 9247', 'Mignon', 'Goggey', '1980-09-26'),
(404, '+7 126 885 9143', 'Madelina', 'Rembrandt', '1997-02-11'),
(405, '+54 465 729 7457', 'Josefina', 'Van Der Straaten', '1974-12-08'),
(406, '+62 473 243 6172', 'Sophey', 'Pennino', '1979-06-09'),
(407, '+7 191 374 2274', 'Ilene', 'Kluss', '1970-06-23'),
(408, '+86 411 938 4263', 'Vinni', 'Cacacie', '2001-12-25'),
(409, '+7 527 182 7294', 'Anica', 'Finlason', '1981-07-04'),
(410, '+977 984 937 4217', 'Cort', 'Fretter', '1974-09-15'),
(411, '+48 654 340 9022', 'Carly', 'Fancett', '1977-05-11'),
(412, '+46 310 474 1285', 'Inigo', 'Water', '1993-11-21'),
(413, '+86 820 242 7419', 'Nari', 'Esslemont', '1996-07-06'),
(414, '+62 844 444 1808', 'Nona', 'Sapir', '1977-01-06'),
(415, '+55 818 848 8344', 'Bryan', 'Gradley', '1980-04-18'),
(416, '+86 586 213 8019', 'Jeramie', 'Carme', '1990-11-03'),
(417, '+81 541 479 5736', 'Rhodie', 'Skyppe', '1990-11-08'),
(418, '+51 856 990 9037', 'Lou', 'Powney', '1990-09-16'),
(419, '+212 915 423 7063', 'Evin', 'McCray', '1996-08-09'),
(420, '+7 725 566 0771', 'Desiri', 'Squibbes', '1975-05-07'),
(421, '+509 193 627 5442', 'Patrice', 'Brittin', '1999-05-13'),
(422, '+63 395 431 9301', 'Arthur', 'Lodder', '1980-05-01'),
(423, '+81 813 318 2337', 'Celestine', 'Ebhardt', '1992-06-19'),
(424, '+55 320 570 2291', 'Gui', 'Prene', '1988-10-07'),
(425, '+1 212 387 2561', 'Josh', 'Rennolds', '1994-07-04'),
(426, '+351 368 915 0665', 'Ailbert', 'Stetlye', '1991-10-28'),
(427, '+7 419 409 3097', 'Florry', 'Kobus', '1973-05-08'),
(428, '+81 243 454 8453', 'Burtie', 'Sagrott', '1972-12-09'),
(429, '+81 262 664 3221', 'Linus', 'White', '1973-01-17'),
(430, '+234 641 703 4530', 'William', 'Mathew', '1970-04-17'),
(431, '+46 271 435 3102', 'Rosemonde', 'Gregorace', '1997-01-03'),
(432, '+7 998 593 2289', 'Randy', 'Basezzi', '1978-11-02'),
(433, '+212 859 740 4774', 'Tammi', 'Child', '2002-05-25'),
(434, '+52 946 756 3306', 'Chilton', 'Bullan', '1988-03-18'),
(435, '+62 685 309 2705', 'Jess', 'Drever', '1989-10-20'),
(436, '+381 532 235 2806', 'Isidro', 'Mattiacci', '1985-01-31'),
(437, '+86 478 953 7193', 'Collie', 'Liven', '1984-08-24'),
(438, '+237 325 866 1956', 'Starlene', 'Lardge', '1980-11-29'),
(439, '+86 868 621 6235', 'Morley', 'Hanne', '1993-11-18'),
(440, '+56 357 695 2703', 'Filbert', 'Kondratowicz', '1993-05-13'),
(441, '+1 565 345 1970', 'Aubrie', 'Maevela', '1971-03-19'),
(442, '+81 792 172 7761', 'Ravi', 'Minthorpe', '1975-12-16'),
(443, '+420 248 781 9639', 'Flo', 'Ream', '1994-08-23'),
(444, '+63 600 347 9512', 'Beryle', 'Gallihaulk', '1995-01-02'),
(445, '+1 562 417 0475', 'Luce', 'Scase', '1972-03-22'),
(446, '+351 758 131 2911', 'Dominick', 'Cotta', '1971-09-01'),
(447, '+86 123 407 8176', 'Bryon', 'Alaway', '1976-11-12'),
(448, '+51 433 483 4942', 'Vivia', 'D\' Angelo', '1979-06-27'),
(449, '+504 549 963 5238', 'Lenore', 'Fair', '1997-06-02'),
(450, '+48 652 512 7445', 'Gabrila', 'Franies', '1975-07-15'),
(451, '+351 825 583 2831', 'Bowie', 'Hallsworth', '1971-03-12'),
(452, '+1 303 421 0159', 'Drona', 'Thuillier', '2000-01-03'),
(453, '+387 780 649 4773', 'Anni', 'Faulconer', '1971-10-26'),
(454, '+56 735 544 8064', 'Lucais', 'Bullar', '1983-01-15'),
(455, '+420 249 713 3658', 'Wallie', 'Letson', '1998-06-30'),
(456, '+260 305 121 0817', 'Tristam', 'Langhor', '2000-02-11'),
(457, '+62 414 555 5893', 'Nikki', 'Palser', '1979-02-02'),
(458, '+1 166 291 7184', 'Fey', 'Chin', '1970-04-28'),
(459, '+48 587 820 5547', 'Danell', 'Greenhalgh', '1980-12-27'),
(460, '+359 838 397 8126', 'Walt', 'Hayer', '1977-08-09'),
(461, '+86 102 405 5338', 'Chandler', 'Vigors', '1982-04-11'),
(462, '+7 212 801 6850', 'Cathleen', 'Piddocke', '1982-01-10'),
(463, '+62 440 354 0524', 'Kayle', 'Provis', '1974-07-12'),
(464, '+355 777 492 1254', 'Kevon', 'Gergely', '1991-04-06'),
(465, '+86 362 949 2903', 'Cass', 'Barhems', '1992-03-28'),
(466, '+7 779 863 7080', 'Park', 'Mollon', '1996-04-19'),
(467, '+63 759 665 6962', 'Carlo', 'Adlam', '1975-03-11'),
(468, '+380 901 970 4075', 'Netta', 'Jakubski', '1976-04-20'),
(469, '+7 600 432 0353', 'Lurette', 'Gheorghie', '1983-02-15'),
(470, '+55 628 459 2210', 'Ninnette', 'Danniel', '1976-01-23'),
(471, '+1 684 888 1239', 'Dame', 'Bordiss', '1981-10-30'),
(472, '+1 703 717 0936', 'Micki', 'Holde', '1998-10-22'),
(473, '+48 658 395 6751', 'Pattie', 'Monger', '1992-07-13'),
(474, '+84 607 618 3632', 'Chas', 'Pirelli', '1983-01-19'),
(475, '+48 598 344 6889', 'Siffre', 'Backhurst', '2001-10-16'),
(476, '+86 977 364 0022', 'Nolly', 'Rounds', '1992-04-24'),
(477, '+63 981 659 4201', 'Arch', 'Jaycock', '1998-08-11'),
(478, '+55 237 273 8003', 'Fey', 'Capron', '1992-08-22'),
(479, '+86 236 265 4680', 'Brennan', 'Cobbin', '1979-05-23'),
(480, '+52 476 753 8353', 'Catie', 'Ragat', '1973-07-16'),
(481, '+7 397 532 9580', 'Malachi', 'Ogilby', '1977-02-04'),
(482, '+51 504 614 1631', 'Kerk', 'Farress', '1986-07-16'),
(483, '+62 499 322 1272', 'Whitaker', 'Veldstra', '1975-11-10'),
(484, '+63 765 564 7875', 'Reuben', 'Codrington', '1989-04-23'),
(485, '+593 113 964 9063', 'Flor', 'Lambertson', '2001-12-24'),
(486, '+86 560 123 9940', 'Kerrill', 'Bracknell', '1977-05-29'),
(487, '+86 928 807 7685', 'Francine', 'Dent', '2001-05-21'),
(488, '+46 117 970 0537', 'Byram', 'Matzaitis', '1975-09-08'),
(489, '+51 671 256 8391', 'Gardy', 'Joyce', '2000-09-10'),
(490, '+55 587 184 0476', 'Kelsey', 'Mytton', '1997-04-24'),
(491, '+47 273 792 7476', 'Jeremy', 'Kier', '1970-07-04'),
(492, '+54 530 210 1791', 'Sybila', 'Huckett', '1979-07-09'),
(493, '+7 653 282 2482', 'Nadeen', 'Vernau', '1979-09-11'),
(494, '+54 834 313 7996', 'Moises', 'Colthurst', '1984-08-25'),
(495, '+256 826 966 7962', 'Hakeem', 'Arnely', '1989-04-11'),
(496, '+54 845 256 6652', 'Joachim', 'Odda', '1988-05-23'),
(497, '+1 952 722 3332', 'Desdemona', 'Handling', '1985-12-14'),
(498, '+55 697 310 1681', 'Guido', 'Garey', '1993-03-28'),
(499, '+48 264 376 5577', 'Simone', 'Dinsell', '1993-01-10'),
(500, '+977 141 710 4705', 'Cloe', 'Seamer', '1988-04-23'),
(501, '+54 677 777 2280', 'Emmaline', 'Kubanek', '1983-09-20'),
(502, '+33 250 124 5750', 'Sheridan', 'Marshfield', '1977-08-30'),
(503, '+62 956 729 6196', 'Charley', 'Levane', '2002-06-05'),
(504, '+420 716 828 1035', 'Catherina', 'Yoselevitch', '1977-08-05'),
(505, '+55 823 614 4475', 'Ellyn', 'Chastand', '1998-03-01'),
(506, '+7 133 363 1914', 'Leanna', 'Worms', '1992-12-10'),
(507, '+54 363 924 7068', 'Clarita', 'Mungin', '1976-08-22'),
(508, '+51 323 396 8312', 'Jeremy', 'Cluney', '1982-03-15'),
(509, '+386 591 191 0285', 'Vyky', 'Loveland', '1992-12-07'),
(510, '+387 101 807 1737', 'Shea', 'Barrett', '1977-05-28'),
(511, '+86 129 900 7739', 'Marne', 'Bubb', '1978-02-17'),
(512, '+30 906 273 9309', 'Erminia', 'Newark', '2001-01-17'),
(513, '+86 722 916 9412', 'Sheeree', 'Roelvink', '1980-05-23'),
(514, '+86 718 261 7686', 'Bogey', 'Solomonides', '1974-10-22'),
(515, '+86 933 592 8054', 'Lyman', 'Bagwell', '1992-12-01'),
(516, '+855 816 794 6695', 'Caz', 'Seak', '1980-04-23'),
(517, '+62 909 347 4093', 'Sheeree', 'Klassmann', '1993-05-26'),
(518, '+46 657 735 9541', 'Temple', 'Caple', '1990-03-27'),
(519, '+62 683 391 7358', 'Korrie', 'Scudamore', '1980-06-25'),
(520, '+86 207 501 9735', 'Adham', 'Enochsson', '1998-05-29'),
(521, '+55 463 891 2285', 'Darbee', 'Corp', '1988-01-18'),
(522, '+375 311 258 7996', 'Elianora', 'Izakof', '1995-11-20'),
(523, '+503 374 121 4235', 'Phillipp', 'Fluit', '1987-07-12'),
(524, '+86 379 922 2992', 'Arlyne', 'Sleight', '1996-02-11'),
(525, '+33 611 230 2829', 'Hanna', 'Harsant', '1998-11-12'),
(526, '+49 251 119 9719', 'Hedda', 'Eminson', '1995-02-11'),
(527, '+1 851 991 9836', 'Conchita', 'Foulser', '1991-04-28'),
(528, '+86 988 798 0322', 'Laurice', 'Awde', '1999-08-26'),
(529, '+86 565 654 8939', 'Emeline', 'Lante', '1984-03-05'),
(530, '+60 146 567 1667', 'Creight', 'Janout', '2000-06-24'),
(531, '+86 176 763 0302', 'Jessalin', 'Murrock', '1993-11-19'),
(532, '+237 623 453 8638', 'Tonia', 'Barcroft', '1999-02-14'),
(533, '+86 681 578 9613', 'Amery', 'Duffell', '1976-11-20'),
(534, '+81 615 988 2155', 'Ranna', 'Finlry', '2000-12-05'),
(535, '+86 164 236 8429', 'Wells', 'Cottill', '1997-07-24'),
(536, '+351 706 778 3356', 'Batholomew', 'Eakins', '1981-11-10'),
(537, '+64 571 649 0750', 'Wesley', 'Snooks', '1989-12-19'),
(538, '+60 237 927 9807', 'Ingaborg', 'Pryor', '1994-11-27'),
(539, '+46 195 316 6689', 'Emogene', 'Stocker', '1999-12-15'),
(540, '+86 423 160 0840', 'Osbourne', 'Bakhrushkin', '1994-09-06'),
(541, '+374 418 873 8623', 'Coral', 'Pimmocke', '1983-05-19'),
(542, '+7 851 314 5317', 'Saul', 'Cahalan', '1981-03-26'),
(543, '+86 167 843 3939', 'Nelle', 'Jersh', '1996-06-23'),
(544, '+86 399 408 0641', 'Zelig', 'Meagh', '1993-11-22'),
(545, '+86 976 959 1788', 'Shanie', 'Abbay', '1979-07-05'),
(546, '+46 638 459 6226', 'Garreth', 'Tompion', '1972-04-15'),
(547, '+7 977 862 7182', 'Randolf', 'MacAne', '1982-11-20'),
(548, '+62 111 459 4717', 'Desirae', 'Tregido', '1999-09-06'),
(549, '+7 184 963 6386', 'Jennilee', 'Wrate', '1977-05-05'),
(550, '+374 398 908 0277', 'Ingelbert', 'Moule', '1982-06-06'),
(551, '+63 702 264 9575', 'Edythe', 'Dimock', '1976-11-23'),
(552, '+81 670 896 9535', 'Jill', 'Willas', '1974-10-30'),
(553, '+62 163 890 9027', 'Nelly', 'Astall', '1973-10-18'),
(554, '+55 293 134 2247', 'Chrisse', 'Lyste', '1972-12-11'),
(555, '+46 768 344 2653', 'Brad', 'Loffill', '1970-12-21'),
(556, '+63 800 432 7940', 'Ardelia', 'Gault', '1987-03-07'),
(557, '+62 804 580 9414', 'Meara', 'Bellew', '1999-01-05'),
(558, '+84 836 959 7441', 'Reider', 'Slator', '2002-05-04'),
(559, '+46 505 990 0880', 'Irvin', 'Birkmyr', '1986-03-23'),
(560, '+81 331 136 5394', 'Cameron', 'Cruz', '1992-09-02'),
(561, '+84 530 391 0065', 'Linzy', 'Lamerton', '1997-09-25'),
(562, '+33 903 326 7478', 'Kaiser', 'Starsmore', '1992-05-14'),
(563, '+92 391 197 7981', 'Pam', 'Varren', '1988-10-14'),
(564, '+86 432 425 2317', 'Joaquin', 'Milhench', '1976-01-04'),
(565, '+265 970 504 5626', 'Oliver', 'Bortoli', '1971-10-14'),
(566, '+86 639 248 8173', 'Xylia', 'Welds', '1987-01-14'),
(567, '+7 708 650 7348', 'Ted', 'Ewins', '1988-09-20'),
(568, '+60 722 571 4313', 'Ana', 'McCaig', '1977-05-18'),
(569, '+976 932 823 1640', 'Conant', 'Petford', '1976-09-02'),
(570, '+245 476 202 4481', 'Kerby', 'Lilburne', '1987-03-05'),
(571, '+62 205 596 3036', 'Fiona', 'Litherland', '1997-02-16'),
(572, '+62 489 995 2771', 'Jacquetta', 'Davidovicz', '1971-07-26'),
(573, '+212 342 389 2528', 'Elisabeth', 'Couttes', '1998-02-16'),
(574, '+46 405 909 3669', 'Ebony', 'Beverage', '1982-02-19'),
(575, '+86 545 402 6186', 'Pooh', 'Brideaux', '1977-11-16'),
(576, '+62 547 965 5218', 'Rubie', 'Heakins', '1994-03-12'),
(577, '+33 783 287 9132', 'Talyah', 'Allabarton', '1991-05-21'),
(578, '+7 315 215 6550', 'Kenyon', 'Wherton', '2000-10-26'),
(579, '+92 451 831 0517', 'Heida', 'Whiles', '1994-11-17'),
(580, '+7 246 649 9387', 'Porter', 'Mainland', '1989-09-21'),
(581, '+55 554 344 0289', 'Nani', 'Knevet', '1998-01-18'),
(582, '+598 987 129 9276', 'Kennan', 'Mushet', '1981-03-27'),
(583, '+380 367 152 9485', 'Spencer', 'Christofides', '1984-04-21'),
(584, '+86 832 727 6041', 'Sukey', 'Jeandillou', '1979-12-25'),
(585, '+62 467 583 6614', 'Bjorn', 'Bold', '1973-12-10'),
(586, '+63 339 198 0986', 'Samson', 'Mourant', '2000-05-28'),
(587, '+66 788 760 1291', 'Hersh', 'Braisher', '1975-04-22'),
(588, '+55 295 856 0403', 'Lucila', 'Bucktrout', '2001-09-11'),
(589, '+57 495 689 5747', 'Emiline', 'Eddies', '1995-07-09'),
(590, '+63 167 994 0968', 'Dasya', 'Pettersen', '1987-08-29'),
(591, '+358 135 755 4932', 'Lothaire', 'Gregon', '1983-06-14'),
(592, '+56 197 987 8127', 'Niels', 'Rosone', '1970-05-23'),
(593, '+86 431 976 4463', 'Phillip', 'Danneil', '1976-10-07'),
(594, '+62 294 393 6682', 'Guillaume', 'Spindler', '1972-06-23'),
(595, '+240 915 437 8380', 'Alex', 'Dando', '1976-11-28'),
(596, '+507 584 158 6984', 'Baxy', 'Bragginton', '1987-01-22'),
(597, '+63 611 511 1357', 'Elise', 'Stitfall', '2002-06-16'),
(598, '+55 361 191 3979', 'Florida', 'Thewless', '1987-01-10'),
(599, '+63 805 112 2592', 'Katrinka', 'Northway', '1981-01-09'),
(600, '+46 533 461 6887', 'Leonid', 'Scandrite', '1998-07-18'),
(601, '+234 169 631 8130', 'Edwina', 'Brimelow', '1971-05-24'),
(602, '+675 302 126 3735', 'Eloisa', 'Dymott', '1995-04-01'),
(603, '+7 715 370 2706', 'Randell', 'Lewknor', '1970-04-03'),
(604, '+7 452 204 8996', 'Ephrem', 'Aupol', '1977-01-21'),
(605, '+352 223 579 6750', 'Beatrice', 'Thomerson', '1988-06-11'),
(606, '+351 805 757 3800', 'Maxy', 'Leonarde', '1982-07-21'),
(607, '+55 632 239 9901', 'Andras', 'Haydney', '1997-07-03'),
(608, '+30 215 750 2091', 'Pandora', 'Castilljo', '1998-04-26'),
(609, '+359 610 141 6325', 'Dion', 'Bingle', '1991-01-13'),
(610, '+48 167 665 9965', 'Felicity', 'Szach', '1974-10-15'),
(611, '+63 992 285 6834', 'Wilie', 'Krelle', '1979-06-24'),
(612, '+355 236 193 7045', 'Margalo', 'O\'Dogherty', '1984-01-25'),
(613, '+86 575 194 4892', 'Moina', 'Fiveash', '1989-06-01'),
(614, '+86 244 329 2157', 'Bobina', 'Mayte', '1980-03-03'),
(615, '+33 608 878 8812', 'Rhianon', 'Rizzolo', '1989-01-06'),
(616, '+352 814 587 0976', 'Jackie', 'Martinie', '1981-03-29'),
(617, '+86 530 724 0662', 'Sorcha', 'Heighton', '1978-06-04'),
(618, '+86 767 812 7608', 'Prue', 'Allott', '1971-09-01'),
(619, '+86 518 779 7835', 'Amargo', 'Harlock', '1991-05-21'),
(620, '+84 841 910 3577', 'Mavra', 'Mounter', '1981-12-15'),
(621, '+7 894 547 1384', 'Terrance', 'Pauel', '1993-09-01'),
(622, '+47 316 634 2398', 'Glenine', 'Yeiles', '1990-04-15'),
(623, '+1 570 621 0692', 'Oona', 'Smardon', '1971-10-14'),
(624, '+30 155 778 8794', 'Susan', 'Sly', '1983-04-23'),
(625, '+54 523 489 8450', 'Demeter', 'Armell', '1989-02-23'),
(626, '+46 198 111 2557', 'Chastity', 'Humbee', '2001-12-15'),
(627, '+62 397 588 2649', 'Celestine', 'Mayhew', '1985-09-13'),
(628, '+86 935 822 1234', 'Montgomery', 'Gore', '1975-07-16'),
(629, '+86 212 490 6163', 'Phip', 'Ivins', '1980-07-12'),
(630, '+62 988 507 6528', 'Norton', 'Risbridge', '1998-10-21'),
(631, '+63 387 946 2776', 'Riccardo', 'Cruickshank', '1983-03-02'),
(632, '+86 390 898 8337', 'Nora', 'Dolley', '1979-10-06'),
(633, '+351 238 958 7659', 'Linnea', 'Leathley', '1996-06-22'),
(634, '+86 149 420 3382', 'Ibrahim', 'Stilldale', '1970-01-10'),
(635, '+51 417 377 7225', 'Selia', 'Brennenstuhl', '1982-07-08'),
(636, '+48 366 717 7292', 'Nettie', 'Hacquard', '1971-08-13'),
(637, '+63 311 104 5762', 'Hilliary', 'Mackinder', '1997-10-24'),
(638, '+63 598 417 5975', 'Mozelle', 'Ginity', '1975-02-14'),
(639, '+46 286 784 2931', 'Joline', 'Shrimpton', '1972-05-21'),
(640, '+86 720 943 3432', 'Jennee', 'Patterfield', '1997-05-09'),
(641, '+375 150 937 0701', 'Ingar', 'Southerill', '1992-03-23'),
(642, '+61 268 386 4266', 'Dora', 'Vela', '2000-10-10'),
(643, '+33 602 223 0652', 'Ryon', 'Sheardown', '1976-12-16'),
(644, '+33 649 629 9722', 'Friederike', 'Buckley', '1977-05-15'),
(645, '+7 678 357 5613', 'Cordula', 'Knipe', '1999-04-16'),
(646, '+7 109 847 6294', 'Candide', 'Hopkyns', '1993-09-04'),
(647, '+52 414 229 1391', 'Kahlil', 'Leving', '1991-10-23'),
(648, '+1 240 871 4591', 'Ninnette', 'Lafont', '1987-01-13'),
(649, '+55 453 488 7597', 'Garvin', 'Callaghan', '1995-07-19'),
(650, '+47 552 371 5350', 'Emera', 'Firmage', '1997-05-10'),
(651, '+62 888 197 2543', 'Dickie', 'Quinlan', '1975-12-19'),
(652, '+351 474 874 0225', 'Liz', 'Marner', '1986-01-27'),
(653, '+420 221 299 0726', 'Jarrett', 'Ivett', '1995-05-29'),
(654, '+60 141 808 9341', 'Phil', 'Deighan', '1984-12-28'),
(655, '+86 929 588 3946', 'Valentine', 'Allmark', '1987-01-02'),
(656, '+86 225 949 7884', 'Denny', 'Cluely', '1972-08-18'),
(657, '+46 804 833 2909', 'Marika', 'Shooter', '1984-03-19'),
(658, '+62 837 369 7289', 'Roosevelt', 'Trimble', '1996-08-06'),
(659, '+420 372 254 7932', 'Odette', 'Duiguid', '2002-03-02'),
(660, '+52 292 718 2954', 'Hortense', 'Peyto', '1988-10-13'),
(661, '+30 287 214 0757', 'Englebert', 'Boothe', '1982-08-28'),
(662, '+62 811 847 1429', 'Randi', 'Dulling', '1984-05-10'),
(663, '+81 540 622 0821', 'Veriee', 'Eliot', '2000-03-13'),
(664, '+86 335 402 9344', 'Clarke', 'Turtle', '1984-01-18'),
(665, '+380 302 483 6872', 'Ricky', 'Maruszewski', '2002-08-06'),
(666, '+47 655 873 0603', 'Van', 'Ormesher', '1998-12-04'),
(667, '+229 396 887 2624', 'Alaine', 'Pinckard', '1988-06-27'),
(668, '+52 321 321 3267', 'Calley', 'Aime', '1976-02-24'),
(669, '+52 597 324 8016', 'Russ', 'Colin', '1993-07-11'),
(670, '+81 371 104 7974', 'Abby', 'Shovlar', '1993-11-07'),
(671, '+62 357 942 3364', 'Harley', 'Cuell', '1980-07-03'),
(672, '+39 136 478 6957', 'Taffy', 'Beckerleg', '1991-05-25'),
(673, '+51 366 197 3781', 'Gran', 'Oxborough', '1979-12-17'),
(674, '+995 433 115 0606', 'Tamera', 'Janusik', '1981-03-21'),
(675, '+385 787 568 0559', 'Romonda', 'Finlay', '1975-02-04'),
(676, '+7 168 442 2524', 'Fernando', 'Malloy', '1979-06-13'),
(677, '+86 434 137 1132', 'Becki', 'Farlham', '1981-08-19'),
(678, '+48 236 205 8581', 'Burke', 'Spinella', '1996-08-16'),
(679, '+7 854 536 4133', 'Alwin', 'Luchetti', '2002-05-05'),
(680, '+62 603 630 9311', 'Bette-ann', 'Moscrop', '1994-03-06'),
(681, '+46 346 585 2400', 'Genovera', 'Ruggier', '1992-04-24'),
(682, '+86 866 929 5449', 'Maddy', 'Shewry', '1970-12-21'),
(683, '+506 414 355 7526', 'Wilmar', 'O\'Dyvoy', '1990-02-18'),
(684, '+46 525 448 4381', 'Nona', 'Veelers', '1984-07-20'),
(685, '+86 865 429 8396', 'Roselle', 'Beacom', '1995-01-02'),
(686, '+48 329 950 4261', 'Kele', 'Duligall', '1979-04-21'),
(687, '+86 902 670 3387', 'Kevan', 'Nestoruk', '2000-09-10'),
(688, '+967 671 833 6263', 'Sandye', 'Andell', '1994-12-27'),
(689, '+351 614 961 5113', 'Chevalier', 'Beeden', '1986-09-29'),
(690, '+48 666 670 7408', 'Trixy', 'Lyngsted', '1977-10-04'),
(691, '+963 832 524 6791', 'Lynelle', 'Matkin', '1981-10-28'),
(692, '+55 653 250 8003', 'Giavani', 'O\'Farris', '1998-08-15'),
(693, '+86 441 830 0008', 'Monro', 'Aime', '1986-08-13'),
(694, '+7 964 725 2321', 'Brigit', 'Veronique', '1988-01-17'),
(695, '+62 973 763 7995', 'Mel', 'Aldcorne', '1979-12-28'),
(696, '+86 136 588 5418', 'Sioux', 'Darth', '1977-09-03'),
(697, '+62 714 868 1632', 'Hope', 'Wickes', '1987-12-31'),
(698, '+1 474 737 4379', 'Shayne', 'Zecchi', '1974-10-29'),
(699, '+86 122 711 3993', 'Giselle', 'Saladine', '1982-05-18'),
(700, '+7 281 802 5790', 'Aubert', 'Beaudry', '1987-02-24'),
(701, '+86 520 996 6253', 'Meredith', 'Lascell', '1972-01-10'),
(702, '+86 425 616 7439', 'La verne', 'Kedge', '1986-11-23'),
(703, '+81 779 890 2748', 'Wynn', 'Hartop', '1989-05-02'),
(704, '+52 258 493 9095', 'Natka', 'Riediger', '1976-01-30'),
(705, '+30 773 740 2618', 'Ferrel', 'Gouldeby', '1984-06-26'),
(706, '+86 330 727 2465', 'Ryon', 'Cheeney', '1980-03-02'),
(707, '+62 737 702 9848', 'Bertrand', 'Shuter', '1974-07-07'),
(708, '+51 499 694 6141', 'Kirstin', 'Alpes', '1984-08-16'),
(709, '+54 981 812 9751', 'Wilhelm', 'Ciccarello', '1996-07-28'),
(710, '+63 789 542 4525', 'Flo', 'Cristea', '1977-10-13'),
(711, '+7 740 692 0371', 'Leone', 'Pockett', '1995-03-13'),
(712, '+57 958 112 0762', 'Felike', 'Stenbridge', '1979-12-22'),
(713, '+351 876 535 5590', 'Merline', 'Nobles', '1983-05-03'),
(714, '+62 849 186 8635', 'Faunie', 'Starbuck', '1978-12-19'),
(715, '+62 211 900 6197', 'Edmon', 'Dhennin', '1971-11-06'),
(716, '+54 978 838 3865', 'Norbie', 'Eustice', '1993-02-17'),
(717, '+55 677 137 5447', 'Merilee', 'Wysome', '1995-06-27'),
(718, '+355 286 352 7159', 'Madelaine', 'Verbrugghen', '1989-07-25'),
(719, '+54 176 792 6159', 'Devonne', 'Andrzejewski', '1990-10-07'),
(720, '+7 242 745 0232', 'York', 'Fussell', '1982-09-18'),
(721, '+57 830 869 6718', 'Laird', 'Lovelock', '1975-06-06'),
(722, '+48 750 927 5558', 'Bendick', 'Davids', '1986-08-11'),
(723, '+54 437 185 5430', 'Joly', 'Ginley', '1971-06-06'),
(724, '+216 162 491 1872', 'Chane', 'Korous', '1993-07-24'),
(725, '+60 565 869 8310', 'Nissa', 'Baal', '1997-08-04'),
(726, '+27 905 278 7478', 'Giraldo', 'Drinan', '1991-12-12'),
(727, '+55 547 482 0482', 'Quintus', 'Cade', '1994-11-14'),
(728, '+33 543 369 8007', 'Otha', 'Edbrooke', '1980-06-11'),
(729, '+86 131 200 2893', 'Bern', 'Scotford', '1988-09-06'),
(730, '+66 882 217 1719', 'Gabriellia', 'Belford', '1988-02-06'),
(731, '+7 168 381 4677', 'Holden', 'O\'Dowgaine', '1971-03-17'),
(732, '+48 184 249 7240', 'Elora', 'Dorling', '1972-02-22'),
(733, '+7 696 639 5209', 'Lock', 'Longthorne', '2001-03-28'),
(734, '+86 962 762 7400', 'Gabriela', 'Thoumas', '1975-09-17'),
(735, '+7 887 473 0020', 'Harp', 'Mulgrew', '1978-10-28'),
(736, '+86 645 166 5929', 'Padget', 'Salzberger', '1986-05-24'),
(737, '+86 796 991 1911', 'Dedie', 'Yorston', '1996-11-10'),
(738, '+47 337 768 3355', 'Antonius', 'Sabater', '1972-03-04'),
(739, '+81 476 980 3765', 'Lizzy', 'Mackriell', '1990-05-21'),
(740, '+420 350 688 9545', 'Lucian', 'Blanshard', '1986-02-06'),
(741, '+33 917 212 6141', 'Maritsa', 'Blurton', '1988-01-31'),
(742, '+55 361 274 0814', 'Jorry', 'Umney', '1993-10-07'),
(743, '+506 914 868 3690', 'Tyson', 'Waulker', '1972-01-11'),
(744, '+46 826 111 8987', 'Carolyn', 'Scholard', '1991-08-22'),
(745, '+226 758 544 9963', 'Jennie', 'Keeltagh', '1982-01-22'),
(746, '+86 251 342 3867', 'Vern', 'Petrolli', '1997-08-24'),
(747, '+62 960 919 8764', 'Lynsey', 'Gillean', '1980-02-16'),
(748, '+7 166 838 5862', 'Haze', 'Pinckney', '2001-06-06'),
(749, '+358 109 460 0827', 'Sabra', 'Burston', '2000-06-17'),
(750, '+1 412 714 0784', 'Nanette', 'MacCartney', '1973-08-15'),
(751, '+1 195 920 3519', 'Susana', 'Boltwood', '2002-07-08'),
(752, '+46 446 628 6039', 'Manuel', 'Jorden', '2000-08-18'),
(753, '+62 401 426 4937', 'Claresta', 'Soames', '1988-03-04'),
(754, '+58 322 938 6420', 'Pet', 'Bucklee', '1979-06-23'),
(755, '+7 360 817 7357', 'Marthena', 'Sallery', '2002-05-21'),
(756, '+380 578 170 5566', 'Patty', 'Bartunek', '1983-02-24'),
(757, '+86 290 489 2572', 'Jacki', 'Elsay', '1995-07-13'),
(758, '+7 524 212 5815', 'Janelle', 'Stanmore', '1983-06-11'),
(759, '+237 688 552 6844', 'Eduard', 'Jardin', '1974-05-08'),
(760, '+86 554 989 4140', 'Mac', 'Targe', '1998-05-21'),
(761, '+1 209 895 0674', 'Yves', 'Denison', '1999-11-11'),
(762, '+7 138 335 5751', 'Gretta', 'Dikes', '1979-02-18'),
(763, '+55 338 531 4187', 'Carola', 'Lapides', '1983-09-12'),
(764, '+995 105 982 9451', 'Ardenia', 'Overel', '1998-06-19'),
(765, '+86 566 559 4925', 'Katherina', 'Parley', '1977-11-01'),
(766, '+1 253 577 8246', 'Ricki', 'Joselovitch', '1975-10-13'),
(767, '+66 683 549 0175', 'Gwenette', 'Mersh', '1988-03-15'),
(768, '+33 173 431 0354', 'Carmelle', 'Hutchens', '1997-09-24'),
(769, '+218 597 983 5139', 'Carleen', 'Gaunson', '1996-07-23'),
(770, '+51 982 136 8667', 'Anson', 'Wigley', '1982-05-12'),
(771, '+63 986 539 1256', 'Yorgo', 'Olohan', '1981-01-12'),
(772, '+62 403 147 5433', 'Marion', 'Canham', '1989-04-02'),
(773, '+30 778 650 1043', 'Marmaduke', 'Androli', '1996-07-17'),
(774, '+98 946 789 2223', 'Immanuel', 'Ulyatt', '1988-05-06'),
(775, '+52 131 366 0525', 'Melantha', 'Gerge', '1984-08-17'),
(776, '+86 769 304 3381', 'Augustina', 'Jarrad', '1998-08-21'),
(777, '+351 372 340 8462', 'Nickolaus', 'Jaquet', '1989-04-20'),
(778, '+62 820 469 8557', 'Durante', 'Gascard', '2001-02-11'),
(779, '+63 410 982 8882', 'Christiano', 'McGillecole', '1999-07-26'),
(780, '+63 594 549 7348', 'Babara', 'Friberg', '1988-02-16'),
(781, '+1 268 702 9127', 'Alyosha', 'Lindegard', '1971-07-02'),
(782, '+380 654 856 6584', 'Hewe', 'Cruttenden', '1986-07-10'),
(783, '+86 290 285 6527', 'Erminie', 'Cockram', '1975-06-11'),
(784, '+47 987 167 6312', 'Zorine', 'Joel', '2001-06-02'),
(785, '+1 776 376 0478', 'Drusilla', 'Pomfret', '1979-07-05'),
(786, '+62 865 323 6490', 'Sheba', 'Rockwell', '1995-09-02'),
(787, '+86 318 357 0371', 'Lona', 'Eliyahu', '1992-06-23'),
(788, '+82 921 714 8868', 'Frasier', 'Devericks', '1982-03-10'),
(789, '+504 802 206 4162', 'Sigismondo', 'Chaucer', '1983-11-06'),
(790, '+86 319 572 0546', 'Blondie', 'Selley', '1985-11-05'),
(791, '+86 342 675 6759', 'Nomi', 'Alvey', '1991-05-18'),
(792, '+86 907 823 6785', 'Ulberto', 'Algate', '1992-08-30'),
(793, '+55 770 955 2878', 'Vernon', 'Gibbens', '2001-03-16'),
(794, '+30 383 154 6337', 'Glynis', 'Boliver', '1974-09-06'),
(795, '+976 666 408 4297', 'Mortie', 'Halmkin', '1988-12-06'),
(796, '+47 295 922 1434', 'Tirrell', 'Ickovici', '1996-03-16'),
(797, '+1 713 101 7813', 'Courtney', 'Boules', '1983-09-09'),
(798, '+383 366 792 9142', 'Charmine', 'Shovlin', '1984-03-18'),
(799, '+972 729 151 3893', 'Liva', 'Langwade', '1991-12-28'),
(800, '+33 370 649 3253', 'Timothy', 'Hirschmann', '1973-08-25'),
(801, '+380 873 352 7107', 'Rorie', 'Kempster', '1987-01-04'),
(802, '+55 127 250 8527', 'Laurene', 'O\'Haire', '1976-04-18'),
(803, '+48 132 644 9557', 'Ahmed', 'Garshore', '1997-03-16'),
(804, '+63 326 126 9982', 'Bay', 'Garie', '1983-06-22'),
(805, '+86 134 525 3419', 'Livy', 'Harp', '1982-11-14'),
(806, '+48 842 810 3582', 'Glenine', 'Olenichev', '1986-06-03'),
(807, '+62 793 698 1151', 'Suzanne', 'Remnant', '1988-12-09'),
(808, '+380 378 910 0299', 'Raynell', 'Sunnex', '1997-03-10'),
(809, '+256 767 502 9636', 'Jack', 'Barbour', '2000-02-10'),
(810, '+51 461 936 2750', 'Kingsley', 'Bearns', '1972-04-06'),
(811, '+381 320 750 3518', 'Minnaminnie', 'Rickesies', '1990-04-04'),
(812, '+62 199 761 9614', 'Mamie', 'Trundle', '1995-07-25'),
(813, '+51 100 622 9498', 'Giovanni', 'William', '1992-10-22'),
(814, '+55 588 875 2568', 'Adolf', 'Bramer', '1991-03-27'),
(815, '+7 615 794 8196', 'Alyosha', 'Schoular', '1974-04-03'),
(816, '+380 615 106 6681', 'Ado', 'Kilshaw', '1971-11-22'),
(817, '+251 312 713 9279', 'Antonie', 'Palle', '1999-08-25'),
(818, '+62 390 316 5645', 'Petra', 'Guyers', '1995-06-22'),
(819, '+994 793 185 5998', 'Carolus', 'Trill', '1992-08-27'),
(820, '+48 800 853 8796', 'Thomasina', 'Squibe', '1991-06-03'),
(821, '+55 971 765 8131', 'Susanne', 'Pettecrew', '1994-05-29'),
(822, '+234 767 901 2306', 'Rayner', 'Crathern', '1983-08-05'),
(823, '+30 831 197 6712', 'Ginny', 'Codling', '1976-12-29'),
(824, '+86 763 245 5108', 'Dorothy', 'Beakes', '1990-05-11'),
(825, '+86 800 177 8863', 'Kinna', 'Lorain', '1991-11-26'),
(826, '+58 829 282 5312', 'Ripley', 'Folliss', '1989-02-24'),
(827, '+234 485 107 8814', 'Mandy', 'Graham', '1998-11-25'),
(828, '+351 783 123 3334', 'Cherise', 'Perkin', '1994-06-14'),
(829, '+7 425 919 8279', 'Tomkin', 'Balmforth', '2002-05-27'),
(830, '+62 429 853 8436', 'Annaliese', 'Lasham', '1979-01-12'),
(831, '+63 908 241 2682', 'Urbain', 'Eccles', '1981-07-20'),
(832, '+380 399 729 6452', 'Shayne', 'Mighele', '1993-08-04'),
(833, '+86 907 797 1495', 'Raimundo', 'Organer', '1986-03-17');
INSERT INTO `cliente` (`id`, `phone_number`, `name`, `surname`, `date_of_birth`) VALUES
(834, '+86 572 878 2387', 'Brenden', 'Kirgan', '2002-03-16'),
(835, '+62 846 876 4790', 'Fay', 'Bunford', '1979-07-07'),
(836, '+54 782 474 8452', 'Garner', 'Wingeatt', '1987-12-09'),
(837, '+98 492 604 1025', 'Elfrida', 'Bottelstone', '1990-11-14'),
(838, '+48 498 365 6382', 'Harry', 'Grissett', '1972-07-28'),
(839, '+86 625 230 5887', 'Elfreda', 'Ewings', '1995-09-27'),
(840, '+84 161 746 2740', 'Aggie', 'Ricardot', '1992-07-04'),
(841, '+230 980 600 7323', 'Gabby', 'Fealey', '1977-01-18'),
(842, '+86 361 430 5005', 'Clarance', 'Van Hesteren', '1992-09-19'),
(843, '+62 873 846 3779', 'Glenn', 'Froude', '1992-10-08'),
(844, '+86 227 795 1331', 'Braden', 'England', '2001-06-08'),
(845, '+44 811 978 9132', 'Alena', 'Weinmann', '1990-02-18'),
(846, '+86 582 212 6628', 'Byrle', 'Caville', '1970-07-03'),
(847, '+62 207 539 3214', 'Maible', 'Goulbourne', '1991-05-21'),
(848, '+82 788 272 4115', 'Ab', 'Petyankin', '1993-08-22'),
(849, '+995 444 253 3481', 'Henrie', 'Cullington', '1994-11-27'),
(850, '+62 908 565 5688', 'Sapphire', 'Dunkersley', '1972-01-31'),
(851, '+380 298 760 3655', 'Tabitha', 'Thoumasson', '1997-11-30'),
(852, '+30 218 445 1287', 'Georgi', 'Skinley', '1977-02-18'),
(853, '+53 570 941 6628', 'Emelen', 'Mordy', '1977-12-26'),
(854, '+1 480 314 3207', 'Mahmoud', 'Levi', '1970-11-03'),
(855, '+7 157 499 4900', 'Vernice', 'Caseri', '1987-04-16'),
(856, '+62 641 942 9442', 'Alberto', 'Mainson', '1991-12-07'),
(857, '+86 833 538 1318', 'Sibyl', 'Wayman', '1979-10-20'),
(858, '+1 719 786 7786', 'Poul', 'Maulden', '2002-04-25'),
(859, '+380 486 815 7257', 'Maisey', 'Delyth', '1995-10-03'),
(860, '+62 371 273 0185', 'Deidre', 'Moulding', '1972-11-02'),
(861, '+62 954 151 8891', 'Aubine', 'Hardiker', '1997-03-11'),
(862, '+1 999 946 9265', 'Maureen', 'Kinastan', '1997-02-28'),
(863, '+81 592 934 7696', 'Wynn', 'Skipsea', '1979-04-25'),
(864, '+380 907 518 3365', 'Yorgos', 'Pendrid', '2000-09-26'),
(865, '+27 888 357 1852', 'Jeremy', 'Blasio', '2002-01-04'),
(866, '+82 889 629 3008', 'Wylma', 'Bavage', '1994-07-01'),
(867, '+66 955 804 9376', 'Julina', 'Beautyman', '1976-02-27'),
(868, '+63 475 241 3598', 'Berkeley', 'Jellings', '1979-08-07'),
(869, '+687 780 214 9537', 'Gaspar', 'Meddings', '1977-05-28'),
(870, '+1 904 677 2937', 'Hilliary', 'Dunthorne', '2002-10-02'),
(871, '+86 138 366 9356', 'Iggie', 'Crumbleholme', '1996-06-25'),
(872, '+86 477 478 6640', 'Rory', 'Yakutin', '1988-06-25'),
(873, '+63 833 460 0024', 'Bink', 'Lawden', '1984-01-19'),
(874, '+385 640 567 0555', 'Rees', 'Folonin', '1981-08-09'),
(875, '+62 636 497 4195', 'Dee', 'Mapstone', '1994-03-06'),
(876, '+1 650 493 4944', 'Hercules', 'Battman', '1991-07-22'),
(877, '+86 286 120 0512', 'Mahala', 'Tantrum', '1992-10-25'),
(878, '+7 143 461 2560', 'Monroe', 'Dutton', '1997-05-13'),
(879, '+46 420 953 4184', 'Olia', 'Dust', '1994-04-30'),
(880, '+86 296 829 5142', 'Terrance', 'Kinglake', '1995-12-01'),
(881, '+86 431 222 3245', 'Krista', 'Dunstan', '1980-01-04'),
(882, '+51 775 830 2313', 'Ash', 'Darbyshire', '1973-09-16'),
(883, '+261 146 547 5836', 'Georgie', 'Mayoh', '2000-10-25'),
(884, '+86 477 433 8527', 'Tiphani', 'Moncreiff', '1983-02-23'),
(885, '+7 183 323 9650', 'Lorinda', 'Hanrahan', '1983-03-30'),
(886, '+86 713 116 9495', 'Rufus', 'Downse', '1984-06-04'),
(887, '+57 121 899 9917', 'Cozmo', 'Blowen', '2002-06-20'),
(888, '+55 136 665 2419', 'Albina', 'Taile', '1972-08-22'),
(889, '+86 260 869 3723', 'Jackqueline', 'Agate', '1996-12-18'),
(890, '+507 698 334 9299', 'Quintina', 'Baulcombe', '1990-04-09'),
(891, '+357 215 600 8321', 'Malinda', 'Claybourn', '1975-09-23'),
(892, '+994 564 303 6801', 'Atalanta', 'Matterson', '1996-10-23'),
(893, '+57 874 425 2987', 'Percy', 'Shitliff', '1987-07-11'),
(894, '+86 606 286 3807', 'Kerry', 'Sherlock', '1976-08-09'),
(895, '+63 742 331 6309', 'Preston', 'Crux', '1974-10-05'),
(896, '+62 466 244 9092', 'Alfi', 'Mariner', '1992-07-15'),
(897, '+46 112 572 4215', 'Derwin', 'Robardet', '1975-08-12'),
(898, '+86 775 872 1213', 'Kally', 'De-Ville', '1980-07-27'),
(899, '+62 497 784 8677', 'Mack', 'Sabbatier', '1982-07-22'),
(900, '+7 585 655 1253', 'Alex', 'Mora', '1993-08-27'),
(901, '+55 337 786 6690', 'Annadiane', 'Crossland', '2001-09-09'),
(902, '+62 337 373 5654', 'Frank', 'Collocott', '1986-05-11'),
(903, '+62 135 327 5343', 'Monroe', 'Ayscough', '1978-12-03'),
(904, '+47 866 929 9308', 'Mela', 'Doerren', '1975-04-08'),
(905, '+62 611 678 5326', 'Reuven', 'Gore', '1991-03-22'),
(906, '+1 887 378 1586', 'Basile', 'Skunes', '1999-04-28'),
(907, '+62 876 583 1391', 'Ana', 'Loder', '1987-07-29'),
(908, '+7 371 812 3415', 'Emerson', 'Clemow', '1978-05-23'),
(909, '+63 901 914 8570', 'Ike', 'Awcock', '1997-01-13'),
(910, '+55 977 455 7350', 'Susi', 'Duddridge', '1975-06-29'),
(911, '+86 104 809 9508', 'Tuckie', 'Shorto', '1977-07-27'),
(912, '+86 350 261 8444', 'Fleming', 'Crawshaw', '1983-04-18'),
(913, '+234 617 877 4515', 'Lissa', 'Sellar', '1974-03-29'),
(914, '+232 664 141 3654', 'Lyndsay', 'Gillean', '1974-11-10'),
(915, '+86 188 501 7644', 'Tania', 'Garrie', '1980-04-29'),
(916, '+33 943 116 9056', 'Jewel', 'Glasby', '1982-09-05'),
(917, '+48 787 225 3114', 'Aaron', 'De Dei', '1974-04-01'),
(918, '+62 187 178 8697', 'Myles', 'Paulin', '1987-06-07'),
(919, '+62 225 250 4368', 'Temp', 'Petegree', '2002-07-01'),
(920, '+62 778 621 5328', 'Tootsie', 'Sutton', '1994-02-11'),
(921, '+63 601 334 4643', 'Fleming', 'Howland', '1992-02-27'),
(922, '+261 845 928 9309', 'Brendon', 'Skeene', '1971-05-21'),
(923, '+48 868 598 9598', 'Anatollo', 'Stent', '1986-07-28'),
(924, '+251 540 827 7143', 'Immanuel', 'Godson', '1980-11-27'),
(925, '+54 892 453 9581', 'Corine', 'Chadburn', '1993-02-02'),
(926, '+84 746 150 8015', 'Orel', 'Sloley', '1970-08-14'),
(927, '+232 408 971 3839', 'Ly', 'Tilzey', '2000-09-26'),
(928, '+1 224 672 3194', 'Tymon', 'Whipp', '1977-06-09'),
(929, '+63 316 931 8695', 'Amanda', 'Ranklin', '1978-08-06'),
(930, '+86 997 793 8019', 'Joleen', 'Moulton', '2002-03-27'),
(931, '+48 961 796 7040', 'Debora', 'Jura', '1978-10-23'),
(932, '+237 735 112 2314', 'Fred', 'McKee', '1987-07-03'),
(933, '+86 404 725 2518', 'Jacinda', 'Woolnough', '1990-12-19'),
(934, '+358 758 822 0428', 'Red', 'Boyles', '1985-03-11'),
(935, '+86 632 725 6401', 'Jana', 'Llorente', '1972-09-03'),
(936, '+62 190 854 3121', 'Doralynn', 'Drohan', '1987-03-20'),
(937, '+62 602 969 1947', 'Shepherd', 'Symms', '1998-04-23'),
(938, '+420 405 133 4725', 'Nertie', 'Pedro', '1979-12-28'),
(939, '+86 896 182 0695', 'Frans', 'O\'Longain', '1988-04-13'),
(940, '+62 683 114 3935', 'Clarabelle', 'Adkins', '1973-08-05'),
(941, '+66 749 199 7318', 'Ibbie', 'Blackie', '1971-02-08'),
(942, '+86 115 900 9441', 'Margi', 'Fassam', '1989-04-25'),
(943, '+963 449 113 2659', 'Laural', 'Spada', '1976-05-16'),
(944, '+353 507 222 9482', 'Torey', 'Moisey', '1995-04-10'),
(945, '+54 268 799 1723', 'Eugenius', 'Margiotta', '1978-03-05'),
(946, '+51 156 215 5014', 'Kakalina', 'Manuelli', '1985-05-02'),
(947, '+62 756 947 9503', 'Logan', 'Worsnop', '1979-08-08'),
(948, '+63 107 480 7362', 'Dannel', 'Beckers', '1992-06-25'),
(949, '+54 428 922 7760', 'Emmett', 'Emblen', '1980-06-30'),
(950, '+86 672 704 5991', 'Durand', 'Taffee', '1974-10-12'),
(951, '+381 162 930 6085', 'Jaquenetta', 'Branni', '1979-10-06'),
(952, '+593 822 902 4833', 'Bryan', 'Arrington', '1971-12-04'),
(953, '+86 179 894 4171', 'Inger', 'Hallgate', '1987-04-24'),
(954, '+46 693 340 1679', 'Pepillo', 'Enriques', '1997-01-11'),
(955, '+1 312 261 9122', 'Marnia', 'Danhel', '1979-10-11'),
(956, '+1 330 737 2724', 'Bary', 'Winspurr', '1983-08-30'),
(957, '+967 675 647 4402', 'Nannette', 'Tommen', '1978-12-10'),
(958, '+389 831 914 2382', 'Delphine', 'Puttock', '1970-02-28'),
(959, '+352 556 468 5263', 'Cross', 'Deeming', '1989-07-30'),
(960, '+381 306 385 7543', 'Marylee', 'Ferenc', '1987-03-25'),
(961, '+7 596 514 1870', 'Esteban', 'O\'Curran', '1989-01-06'),
(962, '+7 710 954 1423', 'Chandra', 'Sleit', '1994-06-09'),
(963, '+353 826 686 5704', 'Sheilakathryn', 'Crockford', '1989-09-16'),
(964, '+86 208 656 7118', 'Pennie', 'Caldaro', '2000-05-31'),
(965, '+86 726 103 6755', 'Tilda', 'Caplis', '1991-09-15'),
(966, '+86 953 686 3490', 'Matty', 'Djokic', '1976-05-23'),
(967, '+351 772 856 0507', 'Morlee', 'Ruslinge', '1994-03-23'),
(968, '+63 456 321 6720', 'Haley', 'Lapere', '1980-06-06'),
(969, '+62 878 724 6743', 'Babara', 'Lande', '1987-11-27'),
(970, '+86 328 555 5861', 'Jud', 'Klulik', '1980-09-15'),
(971, '+225 373 694 4988', 'Katina', 'Mularkey', '1990-10-08'),
(972, '+60 230 901 1790', 'Gussy', 'McGuffie', '1973-06-29'),
(973, '+269 297 654 8954', 'Hymie', 'Poundsford', '1992-07-03'),
(974, '+58 990 648 4373', 'Winni', 'Byrd', '1973-04-19'),
(975, '+221 671 337 6162', 'Averil', 'Liccardi', '1999-10-31'),
(976, '+972 661 917 3645', 'Kile', 'Kaufman', '1977-03-22'),
(977, '+52 767 204 2651', 'Prent', 'Moralee', '1996-09-05'),
(978, '+380 698 772 7682', 'Leshia', 'Gornal', '1978-01-04'),
(979, '+60 628 309 7484', 'Leontine', 'Barizeret', '1970-05-11'),
(980, '+971 901 453 8944', 'Corbet', 'Hasling', '1988-11-30'),
(981, '+86 709 838 3907', 'Anica', 'Espinosa', '1993-04-23'),
(982, '+33 776 746 4482', 'Basilius', 'Ceely', '1971-07-22'),
(983, '+351 103 540 8611', 'Nonna', 'Tregear', '1976-07-03'),
(984, '+62 201 247 4884', 'Lester', 'Huleatt', '1984-10-10'),
(985, '+380 880 453 9628', 'Toinette', 'Dack', '1996-03-06'),
(986, '+55 592 876 6490', 'Nora', 'Barosch', '1990-12-21'),
(987, '+269 797 608 1463', 'Livia', 'Lambell', '1979-03-17'),
(988, '+86 245 487 6781', 'Isac', 'Bridie', '1999-07-11'),
(989, '+591 951 980 4167', 'Leupold', 'Ricketts', '1997-03-03'),
(990, '+375 336 796 0695', 'Corina', 'Thecham', '1999-03-28'),
(991, '+46 164 523 0495', 'Allin', 'Marcam', '1980-10-05'),
(992, '+63 379 475 9305', 'Nickolaus', 'McConnell', '1976-12-30'),
(993, '+62 643 735 7580', 'Ignacius', 'Seely', '1996-03-19'),
(994, '+48 477 973 4999', 'Axe', 'Walcot', '1978-09-25'),
(995, '+63 622 406 1655', 'Cazzie', 'MacParlan', '1982-01-02'),
(996, '+62 372 925 7437', 'Carita', 'Darling', '1981-07-09'),
(997, '+63 238 248 2408', 'Freida', 'Mallett', '1985-10-16'),
(998, '+7 604 642 8790', 'Ashli', 'Wornham', '1971-05-29'),
(999, '+56 275 663 1983', 'Lowe', 'Adamik', '1982-07-15'),
(1000, '+7 828 646 4481', 'Binky', 'Richold', '1973-06-16'),
(1001, '+39 333 222 111 0', 'Luigi', 'Milo', '2004-01-20');

-- --------------------------------------------------------

--
-- Table structure for table `prodotto`
--

CREATE TABLE `prodotto` (
  `product_id` int(11) NOT NULL,
  `name` varchar(50) NOT NULL,
  `description` text NOT NULL,
  `corporate_id` int(11) NOT NULL
) ENGINE=InnoDB DEFAULT CHARSET=utf8mb4;

--
-- Dumping data for table `prodotto`
--

INSERT INTO `prodotto` (`product_id`, `name`, `description`, `corporate_id`) VALUES
(1, 'Oscilloscopio digitale', 'Oscilloscopio di ultimissima generazione, a soli 999 euro. I cannoncini che eseguono un gioco ballistico per eccitare le molecole di fosforo sono un lontano ricordo.', 7),
(2, 'Tastiera ergonomica', 'Tendinite acuta? Dolore ai polsi? Prova questa nuova tastiera ergonomica che allevier tutti i tuoi dolori.', 9),
(3, 'Ponteggio', 'Hai bisogno di un ponteggio per iniziare la tua attivit edile? Ti facciamo noi un\'offerta che non potrai rifiutare.', 3),
(4, 'SIM 100GB', 'Telefonia mobile, 100GB al mese con minuti ed sms illimitati a soli 4,99 euro! ', 10),
(5, 'Abiti vintage', 'Vuoi fare un tuffo nel passato a basso prezzo? I nostri vestiti fanno al caso tuo.', 5),
(6, 'Scarpe da corsa antinfortunistiche', 'Le nostre scarpe da corsa sono un capolavoro, corri veloce come il vento e non accusi nessun dolore per lo sforzo, provare per credere.', 2),
(7, 'Risme di fogli', 'Sei il capo di un ufficio dove le stampanti non hanno un secondo di tregua? Sicuramente avrai bisogno di una quantit enorme di fogli.', 6),
(8, 'Laptop aziendale', 'Sei una azienda che lavora nel tech business e devi fornire dei computer potenti ai tuoi dipendenti? Noi possiamo fornirti una grande quantit di macchine da guerra ad un prezzo conveniente.', 1),
(10, 'Webcam high definition', 'Hai fatto una quantit enorme di meeting in smart working ma la tua webcam integrata non  all\'altezza? A soli 20 euro puoi fare un grosso salto di qualit.', 4),
(11, 'Borraccia', 'Oggi pi che mai  importante avere il pollice verde, smettila di usare bottiglie di plastica e acquista la nostra borraccia.', 8),
(12, 'Black Strat', 'Black Strat di David Gilmour solo da Telemarket, a soli 100 euro!.', 4);

-- --------------------------------------------------------

--
-- Table structure for table `telefonata`
--

CREATE TABLE `telefonata` (
  `call_id` int(11) NOT NULL,
  `user_id` int(11) NOT NULL,
  `client_id` int(11) NOT NULL,
  `product_id` int(11) NOT NULL,
  `date` date NOT NULL,
  `outcome` enum('DIDNT_ANSWER','INTERESTED','NOT_INTERESTED','REFUSED_DIALOG','SOLD') NOT NULL,
  `was_sold` tinyint(1) NOT NULL
) ENGINE=InnoDB DEFAULT CHARSET=utf8mb4;

--
-- Dumping data for table `telefonata`
--

INSERT INTO `telefonata` (`call_id`, `user_id`, `client_id`, `product_id`, `date`, `outcome`, `was_sold`) VALUES
(1, 1, 492, 7, '2022-10-13', 'DIDNT_ANSWER', 0),
(2, 1, 492, 7, '2022-10-13', 'DIDNT_ANSWER', 0),
(3, 1, 492, 7, '2022-10-13', 'DIDNT_ANSWER', 0),
(4, 1, 190, 7, '2022-10-13', 'DIDNT_ANSWER', 0),
(5, 1, 531, 10, '2022-10-13', 'REFUSED_DIALOG', 0),
(6, 1, 567, 5, '2022-10-13', 'SOLD', 1),
(7, 1, 110, 3, '2022-10-13', 'DIDNT_ANSWER', 0),
(8, 1, 435, 11, '2022-10-13', 'SOLD', 1),
(9, 1, 596, 5, '2022-10-14', 'REFUSED_DIALOG', 0),
(10, 32, 123, 5, '2022-10-14', 'NOT_INTERESTED', 0),
(11, 32, 905, 5, '2022-10-14', 'SOLD', 1),
(12, 32, 831, 10, '2022-10-14', 'REFUSED_DIALOG', 0),
(13, 32, 509, 5, '2022-10-14', 'REFUSED_DIALOG', 0),
(14, 32, 397, 3, '2022-10-14', 'DIDNT_ANSWER', 0),
(15, 35, 50, 6, '2022-10-18', 'REFUSED_DIALOG', 0),
(16, 35, 41, 11, '2022-10-18', 'DIDNT_ANSWER', 0),
(17, 35, 67, 8, '2022-10-18', 'INTERESTED', 0),
(18, 35, 342, 7, '2022-10-18', 'REFUSED_DIALOG', 0),
(19, 35, 726, 10, '2022-10-18', 'SOLD', 1),
(20, 35, 518, 10, '2022-10-18', 'SOLD', 1),
(21, 35, 158, 1, '2022-10-18', 'DIDNT_ANSWER', 0),
(22, 1, 872, 6, '2022-10-19', 'NOT_INTERESTED', 0);

-- --------------------------------------------------------

--
-- Table structure for table `utente`
--

CREATE TABLE `utente` (
  `name` varchar(50) NOT NULL,
  `surname` varchar(50) NOT NULL,
  `date_of_birth` date NOT NULL,
  `salary` int(11) NOT NULL,
  `is_admin` tinyint(1) NOT NULL,
  `username` char(32) NOT NULL,
  `password` char(32) NOT NULL,
  `user_id` int(11) NOT NULL
) ENGINE=InnoDB DEFAULT CHARSET=utf8mb4;

--
-- Dumping data for table `utente`
--

INSERT INTO `utente` (`name`, `surname`, `date_of_birth`, `salary`, `is_admin`, `username`, `password`, `user_id`) VALUES
('Giovanni', 'Serra', '2000-05-07', 3000, 1, 'serra', '7da88ad7eca13492ca0cf95869412360', 1),
('Daven', 'Marfield', '1994-10-31', 1164, 0, 'dmarfield3', '01c7593948dd8493b2df645cfeb19c48', 4),
('Irene', 'Borrel', '1995-03-18', 1220, 0, 'iborreld', '58f5fb84faf961796b7f4b36d820261f', 14),
('Tess', 'Stokell', '1984-01-02', 1296, 0, 'tstokelle', '5d01ccf7973fe09b0c2719682348e438', 15),
('Dewitt', 'Spragge', '1984-06-22', 1145, 0, 'dspraggeg', 'b50e8eacbd96e08cb943f2ff3e69fc3a', 17),
('Barry', 'Standish', '1961-09-11', 1137, 0, 'bstandishi', 'c9b730ce8cc12228fac522c72b847a7e', 19),
('Berton', 'Arendt', '1967-01-26', 1141, 0, 'barendtj', 'bcfd07de12aebfbb5f2b2cbc85f431df', 20),
('Florian', 'Pettisall', '1989-01-04', 1141, 0, 'fpettisallk', 'ce55ac59d05e8801a7d41624fab1b2b0', 21),
('Gweneth', 'Bryers', '1963-01-20', 1065, 0, 'gbryerso', 'afee8e4c82ec3a1ef31611bb50e92efd', 25),
('Ida', 'De Vaan', '1980-07-19', 1085, 0, 'vandersaar', 'f0fea16941a1841b1924017ca992d361', 29),
('Carroll', 'Goodwins', '1964-06-13', 1195, 0, 'cgoodwins0', '6ac9fa7d81f4471ee4fbe06007f0f248', 31),
('Max', 'Fix', '1969-10-16', 700, 0, 'maxfix', 'c1a89971aa7335f09f68c1600b92c8d9', 32),
('Maurice', 'Calamaro', '1970-03-03', 1400, 1, 'maurice', 'dd099c2f017f990e68f5c90a413abc5d', 33),
('miles', 'davis', '1926-05-26', 1000, 0, 'miles', '6a81060b83b919bc115112bf840eca63', 35);

--
-- Indexes for dumped tables
--

--
-- Indexes for table `azienda`
--
ALTER TABLE `azienda`
  ADD PRIMARY KEY (`corporate_id`);

--
-- Indexes for table `cliente`
--
ALTER TABLE `cliente`
  ADD PRIMARY KEY (`id`);

--
-- Indexes for table `prodotto`
--
ALTER TABLE `prodotto`
  ADD PRIMARY KEY (`product_id`),
  ADD KEY `product_corporate_relationship` (`corporate_id`);

--
-- Indexes for table `telefonata`
--
ALTER TABLE `telefonata`
  ADD PRIMARY KEY (`call_id`),
  ADD KEY `call_product_relationship` (`product_id`),
  ADD KEY `call_client_relationship` (`client_id`);

--
-- Indexes for table `utente`
--
ALTER TABLE `utente`
  ADD PRIMARY KEY (`user_id`),
  ADD UNIQUE KEY `username` (`username`);

--
-- AUTO_INCREMENT for dumped tables
--

--
-- AUTO_INCREMENT for table `azienda`
--
ALTER TABLE `azienda`
  MODIFY `corporate_id` int(11) NOT NULL AUTO_INCREMENT, AUTO_INCREMENT=40;

--
-- AUTO_INCREMENT for table `cliente`
--
ALTER TABLE `cliente`
  MODIFY `id` int(11) NOT NULL AUTO_INCREMENT, AUTO_INCREMENT=1002;

--
-- AUTO_INCREMENT for table `prodotto`
--
ALTER TABLE `prodotto`
  MODIFY `product_id` int(11) NOT NULL AUTO_INCREMENT, AUTO_INCREMENT=17;

--
-- AUTO_INCREMENT for table `telefonata`
--
ALTER TABLE `telefonata`
  MODIFY `call_id` int(11) NOT NULL AUTO_INCREMENT, AUTO_INCREMENT=23;

--
-- AUTO_INCREMENT for table `utente`
--
ALTER TABLE `utente`
  MODIFY `user_id` int(11) NOT NULL AUTO_INCREMENT, AUTO_INCREMENT=36;

--
-- Constraints for dumped tables
--

--
-- Constraints for table `prodotto`
--
ALTER TABLE `prodotto`
  ADD CONSTRAINT `product_corporate_relationship` FOREIGN KEY (`corporate_id`) REFERENCES `azienda` (`corporate_id`) ON DELETE CASCADE;

--
-- Constraints for table `telefonata`
--
ALTER TABLE `telefonata`
  ADD CONSTRAINT `call_client_relationship` FOREIGN KEY (`client_id`) REFERENCES `cliente` (`id`),
  ADD CONSTRAINT `call_product_relationship` FOREIGN KEY (`product_id`) REFERENCES `prodotto` (`product_id`);
COMMIT;

/*!40101 SET CHARACTER_SET_CLIENT=@OLD_CHARACTER_SET_CLIENT */;
/*!40101 SET CHARACTER_SET_RESULTS=@OLD_CHARACTER_SET_RESULTS */;
/*!40101 SET COLLATION_CONNECTION=@OLD_COLLATION_CONNECTION */;
